"tourney","Division","Round","Team1","Team2","T1P1","T1P2","T2P1","T2P2","t1score","t2score"
"on sts 2022","Premier 5.0+","Pool","Bot House","Free agent","West Peterson","Owen Lippman","Alex Luc","Nolan Marolf",21,12
"on sts 2022","Premier 5.0+","Pool","Austin/Thomas","CRO X Future","Austin Ha","Thomas Maloney","Adrian Garcea","Raffael Jonas",21,18
"on sts 2022","Premier 5.0+","Pool","Swamp Donkeys","CRO Suited Connect Ed","Emerson Dean","Etienne Cote","Nicholas Puopolo","Shakil Nobes",21,17
"on sts 2022","Premier 5.0+","Pool","Simply Smashing","Soft Pajamas","Guillaume Jomphe","Olivier Laurin","Isaac Freeman","James Hyman",21,12
"on sts 2022","Premier 5.0+","Pool","Wasabi","Butter Shortbread","Marc Etienne McLaughlin","Vincent Mathieu","Caleb Shorter","Bryan Fonseca",21,10
"on sts 2022","Premier 5.0+","Pool","Glitch","CRO Bummerland","Luke Nickel","Cody Dryer","Leonardo Tullo","Eric Reinke",21,14
"on sts 2022","Premier 5.0+","Pool","Sub-Zero","Bingu!","Gabriel Monfette","Olivier Aglot","Sunny Gu","Jared Bingham",17,21
"on sts 2022","Premier 5.0+","Pool","Long Tan Handsome and Addison","Scootâ€™s Paradise","Addison Powers","Gabe Finocchi","Scott Pasiechnyk","Lou Paradis",21,15
"on sts 2022","Premier 5.0+","Pool","GFD Asian Invasion","Gym Class Heroes","Neal Bergman","Justin Barr","Michael Murray","Patrick McAuliffe",21,15
"on sts 2022","Premier 5.0+","Pool","Super pumped","CRO Fall Damage","Reilly Paquette","Philip Drouin","Chris Brown","Tyler Babin",10,21
"on sts 2022","Premier 5.0+","Pool","Bot House","CRO X Future","West Peterson","Owen Lippman","Adrian Garcea","Raffael Jonas",21,17
"on sts 2022","Premier 5.0+","Pool","Just Fungin Around","Free agent","Justin Shaytar","Donald Fung","Alex Luc","Nolan Marolf",21,12
"on sts 2022","Premier 5.0+","Pool","Swamp Donkeys","Soft Pajamas","Emerson Dean","Etienne Cote","Isaac Freeman","James Hyman",21,8
"on sts 2022","Premier 5.0+","Pool","Letâ€™s Eat","CRO Suited Connect Ed","Alex Daly","Vincent Bastrash","Nicholas Puopolo","Shakil Nobes",22,20
"on sts 2022","Premier 5.0+","Pool","Wasabi","CRO Bummerland","Marc Etienne McLaughlin","Vincent Mathieu","Leonardo Tullo","Eric Reinke",21,11
"on sts 2022","Premier 5.0+","Pool","Glitch","Sub-Zero","Luke Nickel","Cody Dryer","Gabriel Monfette","Olivier Aglot",20,22
"on sts 2022","Premier 5.0+","Pool","Bingu!","Butter Shortbread","Sunny Gu","Jared Bingham","Caleb Shorter","Bryan Fonseca",21,14
"on sts 2022","Premier 5.0+","Pool","Long Tan Handsome and Addison","Gym Class Heroes","Addison Powers","Gabe Finocchi","Michael Murray","Patrick McAuliffe",21,13
"on sts 2022","Premier 5.0+","Pool","GFD Asian Invasion","Super pumped","Neal Bergman","Justin Barr","Reilly Paquette","Philip Drouin",21,15
"on sts 2022","Premier 5.0+","Pool","CRO Fall Damage","Scootâ€™s Paradise","Chris Brown","Tyler Babin","Scott Pasiechnyk","Lou Paradis",21,16
"on sts 2022","Premier 5.0+","Pool","Bot House","Just Fungin Around","West Peterson","Owen Lippman","Justin Shaytar","Donald Fung",21,18
"on sts 2022","Premier 5.0+","Pool","Austin/Thomas","Free agent","Austin Ha","Thomas Maloney","Alex Luc","Nolan Marolf",19,21
"on sts 2022","Premier 5.0+","Pool","Swamp Donkeys","Letâ€™s Eat","Emerson Dean","Etienne Cote","Alex Daly","Vincent Bastrash",21,14
"on sts 2022","Premier 5.0+","Pool","Simply Smashing","CRO Suited Connect Ed","Guillaume Jomphe","Olivier Laurin","Nicholas Puopolo","Shakil Nobes",21,16
"on sts 2022","Premier 5.0+","Pool","Wasabi","Bingu!","Marc Etienne McLaughlin","Vincent Mathieu","Sunny Gu","Jared Bingham",21,11
"on sts 2022","Premier 5.0+","Pool","Glitch","Butter Shortbread","Luke Nickel","Cody Dryer","Caleb Shorter","Bryan Fonseca",21,17
"on sts 2022","Premier 5.0+","Pool","Sub-Zero","CRO Bummerland","Gabriel Monfette","Olivier Aglot","Leonardo Tullo","Eric Reinke",21,13
"on sts 2022","Premier 5.0+","Pool","Long Tan Handsome and Addison","CRO Fall Damage","Addison Powers","Gabe Finocchi","Chris Brown","Tyler Babin",21,19
"on sts 2022","Premier 5.0+","Pool","GFD Asian Invasion","Scootâ€™s Paradise","Neal Bergman","Justin Barr","Scott Pasiechnyk","Lou Paradis",21,13
"on sts 2022","Premier 5.0+","Pool","Super pumped","Gym Class Heroes","Reilly Paquette","Philip Drouin","Michael Murray","Patrick McAuliffe",19,21
"on sts 2022","Premier 5.0+","Pool","Austin/Thomas","Just Fungin Around","Austin Ha","Thomas Maloney","Justin Shaytar","Donald Fung",21,23
"on sts 2022","Premier 5.0+","Pool","CRO X Future","Free agent","Adrian Garcea","Raffael Jonas","Alex Luc","Nolan Marolf",21,12
"on sts 2022","Premier 5.0+","Pool","Simply Smashing","Letâ€™s Eat","Guillaume Jomphe","Olivier Laurin","Alex Daly","Vincent Bastrash",21,23
"on sts 2022","Premier 5.0+","Pool","Soft Pajamas","CRO Suited Connect Ed","Isaac Freeman","James Hyman","Nicholas Puopolo","Shakil Nobes",16,21
"on sts 2022","Premier 5.0+","Pool","Wasabi","Sub-Zero","Marc Etienne McLaughlin","Vincent Mathieu","Gabriel Monfette","Olivier Aglot",18,21
"on sts 2022","Premier 5.0+","Pool","Glitch","Bingu!","Luke Nickel","Cody Dryer","Sunny Gu","Jared Bingham",19,21
"on sts 2022","Premier 5.0+","Pool","CRO Bummerland","Butter Shortbread","Leonardo Tullo","Eric Reinke","Caleb Shorter","Bryan Fonseca",13,21
"on sts 2022","Premier 5.0+","Pool","Long Tan Handsome and Addison","Super pumped","Addison Powers","Gabe Finocchi","Reilly Paquette","Philip Drouin",21,12
"on sts 2022","Premier 5.0+","Pool","GFD Asian Invasion","CRO Fall Damage","Neal Bergman","Justin Barr","Chris Brown","Tyler Babin",21,19
"on sts 2022","Premier 5.0+","Pool","Gym Class Heroes","Scootâ€™s Paradise","Michael Murray","Patrick McAuliffe","Scott Pasiechnyk","Lou Paradis",19,21
"on sts 2022","Premier 5.0+","Pool","Bot House","Austin/Thomas","West Peterson","Owen Lippman","Austin Ha","Thomas Maloney",21,10
"on sts 2022","Premier 5.0+","Pool","Just Fungin Around","CRO X Future","Justin Shaytar","Donald Fung","Adrian Garcea","Raffael Jonas",21,10
"on sts 2022","Premier 5.0+","Pool","Swamp Donkeys","Simply Smashing","Emerson Dean","Etienne Cote","Guillaume Jomphe","Olivier Laurin",19,21
"on sts 2022","Premier 5.0+","Pool","Letâ€™s Eat","Soft Pajamas","Alex Daly","Vincent Bastrash","Isaac Freeman","James Hyman",21,13
"on sts 2022","Premier 5.0+","Pool","Wasabi","Glitch","Marc Etienne McLaughlin","Vincent Mathieu","Luke Nickel","Cody Dryer",21,17
"on sts 2022","Premier 5.0+","Pool","Sub-Zero","Butter Shortbread","Gabriel Monfette","Olivier Aglot","Caleb Shorter","Bryan Fonseca",21,16
"on sts 2022","Premier 5.0+","Pool","Bingu!","CRO Bummerland","Sunny Gu","Jared Bingham","Leonardo Tullo","Eric Reinke",21,13
"on sts 2022","Premier 5.0+","Pool","Long Tan Handsome and Addison","GFD Asian Invasion","Addison Powers","Gabe Finocchi","Neal Bergman","Justin Barr",21,16
"on sts 2022","Premier 5.0+","Pool","Super pumped","Scootâ€™s Paradise","Reilly Paquette","Philip Drouin","Scott Pasiechnyk","Lou Paradis",27,25
"on sts 2022","Premier 5.0+","Pool","CRO Fall Damage","Gym Class Heroes","Chris Brown","Tyler Babin","Michael Murray","Patrick McAuliffe",21,16
"on sts 2022","Premier 5.0+","Round of 32","CRO Fall Damage","CRO Bummerland","Chris Brown","Tyler Babin","Leonardo Tullo","Eric Reinke",21,15
"on sts 2022","Premier 5.0+","Round of 32","CRO Fall Damage","CRO Bummerland","Chris Brown","Tyler Babin","Leonardo Tullo","Eric Reinke",21,19
"on sts 2022","Premier 5.0+","Round of 32","Glitch","Soft Pajamas","Luke Nickel","Cody Dryer","Isaac Freeman","James Hyman",21,15
"on sts 2022","Premier 5.0+","Round of 32","Glitch","Soft Pajamas","Luke Nickel","Cody Dryer","Isaac Freeman","James Hyman",21,16
"on sts 2022","Premier 5.0+","Round of 32","CRO Suited Connect Ed","Super pumped","Nicholas Puopolo","Shakil Nobes","Reilly Paquette","Philip Drouin",21,16
"on sts 2022","Premier 5.0+","Round of 32","CRO Suited Connect Ed","Super pumped","Nicholas Puopolo","Shakil Nobes","Reilly Paquette","Philip Drouin",16,21
"on sts 2022","Premier 5.0+","Round of 32","CRO Suited Connect Ed","Super pumped","Nicholas Puopolo","Shakil Nobes","Reilly Paquette","Philip Drouin",19,21
"on sts 2022","Premier 5.0+","Round of 32","CRO X Future","Scootâ€™s Paradise","Adrian Garcea","Raffael Jonas","Scott Pasiechnyk","Lou Paradis",18,21
"on sts 2022","Premier 5.0+","Round of 32","CRO X Future","Scootâ€™s Paradise","Adrian Garcea","Raffael Jonas","Scott Pasiechnyk","Lou Paradis",21,15
"on sts 2022","Premier 5.0+","Round of 32","CRO X Future","Scootâ€™s Paradise","Adrian Garcea","Raffael Jonas","Scott Pasiechnyk","Lou Paradis",15,21
"on sts 2022","Premier 5.0+","Round of 32","Austin/Thomas","Butter Shortbread","Austin Ha","Thomas Maloney","Caleb Shorter","Bryan Fonseca",12,21
"on sts 2022","Premier 5.0+","Round of 32","Austin/Thomas","Butter Shortbread","Austin Ha","Thomas Maloney","Caleb Shorter","Bryan Fonseca",16,21
"on sts 2022","Premier 5.0+","Round of 32","Free agent","Gym Class Heroes","Alex Luc","Nolan Marolf","Michael Murray","Patrick McAuliffe",21,18
"on sts 2022","Premier 5.0+","Round of 32","Free agent","Gym Class Heroes","Alex Luc","Nolan Marolf","Michael Murray","Patrick McAuliffe",22,24
"on sts 2022","Premier 5.0+","Round of 32","Free agent","Gym Class Heroes","Alex Luc","Nolan Marolf","Michael Murray","Patrick McAuliffe",21,17
"on sts 2022","Premier 5.0+","Round of 16","Bot House","Free agent","West Peterson","Owen Lippman","Alex Luc","Nolan Marolf",21,17
"on sts 2022","Premier 5.0+","Round of 16","Bot House","Free agent","West Peterson","Owen Lippman","Alex Luc","Nolan Marolf",21,17
"on sts 2022","Premier 5.0+","Round of 16","Long Tan Handsome and Addison","Butter Shortbread","Addison Powers","Gabe Finocchi","Caleb Shorter","Bryan Fonseca",21,16
"on sts 2022","Premier 5.0+","Round of 16","Long Tan Handsome and Addison","Butter Shortbread","Addison Powers","Gabe Finocchi","Caleb Shorter","Bryan Fonseca",21,15
"on sts 2022","Premier 5.0+","Round of 16","Wasabi","Scootâ€™s Paradise","Marc Etienne McLaughlin","Vincent Mathieu","Scott Pasiechnyk","Lou Paradis",21,16
"on sts 2022","Premier 5.0+","Round of 16","Wasabi","Scootâ€™s Paradise","Marc Etienne McLaughlin","Vincent Mathieu","Scott Pasiechnyk","Lou Paradis",21,17
"on sts 2022","Premier 5.0+","Round of 16","Swamp Donkeys","Super pumped","Emerson Dean","Etienne Cote","Reilly Paquette","Philip Drouin",21,10
"on sts 2022","Premier 5.0+","Round of 16","Swamp Donkeys","Super pumped","Emerson Dean","Etienne Cote","Reilly Paquette","Philip Drouin",24,22
"on sts 2022","Premier 5.0+","Round of 16","Just Fungin Around","Glitch","Justin Shaytar","Donald Fung","Luke Nickel","Cody Dryer",19,21
"on sts 2022","Premier 5.0+","Round of 16","Just Fungin Around","Glitch","Justin Shaytar","Donald Fung","Luke Nickel","Cody Dryer",25,23
"on sts 2022","Premier 5.0+","Round of 16","Just Fungin Around","Glitch","Justin Shaytar","Donald Fung","Luke Nickel","Cody Dryer",22,20
"on sts 2022","Premier 5.0+","Round of 16","Simply Smashing","CRO Fall Damage","Guillaume Jomphe","Olivier Laurin","Chris Brown","Tyler Babin",21,19
"on sts 2022","Premier 5.0+","Round of 16","Simply Smashing","CRO Fall Damage","Guillaume Jomphe","Olivier Laurin","Chris Brown","Tyler Babin",26,28
"on sts 2022","Premier 5.0+","Round of 16","Simply Smashing","CRO Fall Damage","Guillaume Jomphe","Olivier Laurin","Chris Brown","Tyler Babin",21,19
"on sts 2022","Premier 5.0+","Round of 16","GFD Asian Invasion","Letâ€™s Eat","Neal Bergman","Justin Barr","Alex Daly","Vincent Bastrash",21,19
"on sts 2022","Premier 5.0+","Round of 16","GFD Asian Invasion","Letâ€™s Eat","Neal Bergman","Justin Barr","Alex Daly","Vincent Bastrash",21,18
"on sts 2022","Premier 5.0+","Round of 16","Sub-Zero","Bingu!","Gabriel Monfette","Olivier Aglot","Sunny Gu","Jared Bingham",21,18
"on sts 2022","Premier 5.0+","Round of 16","Sub-Zero","Bingu!","Gabriel Monfette","Olivier Aglot","Sunny Gu","Jared Bingham",26,24
"on sts 2022","Premier 5.0+","Quarter-final","Bot House","Sub-Zero","West Peterson","Owen Lippman","Gabriel Monfette","Olivier Aglot",21,17
"on sts 2022","Premier 5.0+","Quarter-final","Bot House","Sub-Zero","West Peterson","Owen Lippman","Gabriel Monfette","Olivier Aglot",21,13
"on sts 2022","Premier 5.0+","Quarter-final","Long Tan Handsome and Addison","GFD Asian Invasion","Addison Powers","Gabe Finocchi","Neal Bergman","Justin Barr",21,16
"on sts 2022","Premier 5.0+","Quarter-final","Long Tan Handsome and Addison","GFD Asian Invasion","Addison Powers","Gabe Finocchi","Neal Bergman","Justin Barr",23,25
"on sts 2022","Premier 5.0+","Quarter-final","Long Tan Handsome and Addison","GFD Asian Invasion","Addison Powers","Gabe Finocchi","Neal Bergman","Justin Barr",20,22
"on sts 2022","Premier 5.0+","Quarter-final","Wasabi","Simply Smashing","Marc Etienne McLaughlin","Vincent Mathieu","Guillaume Jomphe","Olivier Laurin",22,20
"on sts 2022","Premier 5.0+","Quarter-final","Wasabi","Simply Smashing","Marc Etienne McLaughlin","Vincent Mathieu","Guillaume Jomphe","Olivier Laurin",21,15
"on sts 2022","Premier 5.0+","Quarter-final","Swamp Donkeys","Just Fungin Around","Emerson Dean","Etienne Cote","Justin Shaytar","Donald Fung",21,16
"on sts 2022","Premier 5.0+","Quarter-final","Swamp Donkeys","Just Fungin Around","Emerson Dean","Etienne Cote","Justin Shaytar","Donald Fung",21,18
"on sts 2022","Premier 5.0+","P17: Quarter-final","CRO X Future","CRO Bummerland","Adrian Garcea","Raffael Jonas","Leonardo Tullo","Eric Reinke",21,19
"on sts 2022","Premier 5.0+","P17: Quarter-final","CRO Suited Connect Ed","Soft Pajamas","Nicholas Puopolo","Shakil Nobes","Isaac Freeman","James Hyman",1,0
"on sts 2022","Premier 5.0+","Semi-final","Bot House","Swamp Donkeys","West Peterson","Owen Lippman","Emerson Dean","Etienne Cote",18,21
"on sts 2022","Premier 5.0+","Semi-final","Bot House","Swamp Donkeys","West Peterson","Owen Lippman","Emerson Dean","Etienne Cote",22,24
"on sts 2022","Premier 5.0+","Semi-final","GFD Asian Invasion","Wasabi","Neal Bergman","Justin Barr","Marc Etienne McLaughlin","Vincent Mathieu",21,13
"on sts 2022","Premier 5.0+","Semi-final","GFD Asian Invasion","Wasabi","Neal Bergman","Justin Barr","Marc Etienne McLaughlin","Vincent Mathieu",19,21
"on sts 2022","Premier 5.0+","Semi-final","GFD Asian Invasion","Wasabi","Neal Bergman","Justin Barr","Marc Etienne McLaughlin","Vincent Mathieu",22,20
"on sts 2022","Premier 5.0+","P17: Semi-final","Austin/Thomas","CRO X Future","Austin Ha","Thomas Maloney","Adrian Garcea","Raffael Jonas",19,21
"on sts 2022","Premier 5.0+","Final","Swamp Donkeys","GFD Asian Invasion","Emerson Dean","Etienne Cote","Neal Bergman","Justin Barr",21,19
"on sts 2022","Premier 5.0+","Final","Swamp Donkeys","GFD Asian Invasion","Emerson Dean","Etienne Cote","Neal Bergman","Justin Barr",18,21
"on sts 2022","Premier 5.0+","Final","Swamp Donkeys","GFD Asian Invasion","Emerson Dean","Etienne Cote","Neal Bergman","Justin Barr",21,18
"on sts 2022","Premier 5.0+","P3: Final","Wasabi","Bot House","Marc Etienne McLaughlin","Vincent Mathieu","West Peterson","Owen Lippman",21,19
"on sts 2022","Premier 5.0+","P3: Final","Wasabi","Bot House","Marc Etienne McLaughlin","Vincent Mathieu","West Peterson","Owen Lippman",19,21
"on sts 2022","Premier 5.0+","P3: Final","Wasabi","Bot House","Marc Etienne McLaughlin","Vincent Mathieu","West Peterson","Owen Lippman",21,19
"on sts 2022","Contenders 4.5+","Pool","Total Control","Unnecessary Layouts","Tim Clifford","Trevor Cook","Dennis Wei","Josh Hutko",22,20
"on sts 2022","Contenders 4.5+","Pool","GOATA Boys","Larry's Zoomin","Bob Yang","Shawn Madden","Jasper Weatherby","jack Mcara",21,13
"on sts 2022","Contenders 4.5+","Pool","Cal & Carl","Receive Pressure","Carlin Vicera","Calyn Kir","Dustin Grant","Sam Mccune",21,15
"on sts 2022","Contenders 4.5+","Pool","Frosted Flakes & Reese's Puffs","It's always 8's","Anthony Addorisio","Brendan Reesor","John Putney","Alex Newton",23,21
"on sts 2022","Contenders 4.5+","Pool","Swinging Sloths","Yates / Kovatch","Logan Snair","Shane Soto","Brad Yates","Zak Kovatch",21,17
"on sts 2022","Contenders 4.5+","Pool","ðŸŒ² BHAD Boys","Sour Peeps","Joey Renaud","Nethaniel Gabriel","Thomas Lemieux","Kim Laau",21,18
"on sts 2022","Contenders 4.5+","Pool","Babinâ€™s Disciples","BDR itâ€™s so over","Joshua Hachey","Hudson Ford","Ian Lane","Nic Albornoz",21,12
"on sts 2022","Contenders 4.5+","Pool","Wario & Waluigi 2.0","Middleburg A Squad","Mathieu BÃ©land","Charles Desgens","Daniel Patten","Nick Evanko",21,15
"on sts 2022","Contenders 4.5+","Pool","To D or not to D","Juicy Fruit","Derek Soetemans","Eric Pierce","Jake Remnant","Luke Prezio",21,13
"on sts 2022","Contenders 4.5+","Pool","Canadian French Kiss","Team BC","Simon Guillemette","Kevin Plante","Edwin Yang","Tim Cheung",21,16
"on sts 2022","Contenders 4.5+","Pool","Hu/Staats","Nemesis Foundnet ","Joe Hu","Isaac Staats","Brock Leibold","Malachi Albrecht",11,21
"on sts 2022","Contenders 4.5+","Pool","Total Control","Larry's Zoomin","Tim Clifford","Trevor Cook","Jasper Weatherby","jack Mcara",21,3
"on sts 2022","Contenders 4.5+","Pool","","Unnecessary Layouts","","","Dennis Wei","Josh Hutko",14,21
"on sts 2022","Contenders 4.5+","Pool","Cal & Carl","It's always 8's","Carlin Vicera","Calyn Kir","John Putney","Alex Newton",19,21
"on sts 2022","Contenders 4.5+","Pool","Drop Nâ€™ Cut","Receive Pressure","Cody Ravindran","Jared Ang","Dustin Grant","Sam Mccune",19,21
"on sts 2022","Contenders 4.5+","Pool","Swinging Sloths","Sour Peeps","Logan Snair","Shane Soto","Thomas Lemieux","Kim Laau",21,13
"on sts 2022","Contenders 4.5+","Pool","Team Hiatus","Yates / Kovatch","Harrisan Srivenukopalan","Dragan Jovanovic","Brad Yates","Zak Kovatch",21,18
"on sts 2022","Contenders 4.5+","Pool","Babinâ€™s Disciples","Middleburg A Squad","Joshua Hachey","Hudson Ford","Daniel Patten","Nick Evanko",19,21
"on sts 2022","Contenders 4.5+","Pool","YeeeHaww!","BDR itâ€™s so over","vibhor dua","Nathan Goh","Ian Lane","Nic Albornoz",21,18
"on sts 2022","Contenders 4.5+","Pool","To D or not to D","Team BC","Derek Soetemans","Eric Pierce","Edwin Yang","Tim Cheung",21,14
"on sts 2022","Contenders 4.5+","Pool","Canadian French Kiss","Hu/Staats","Simon Guillemette","Kevin Plante","Joe Hu","Isaac Staats",23,21
"on sts 2022","Contenders 4.5+","Pool","Nemesis Foundnet ","Juicy Fruit","Brock Leibold","Malachi Albrecht","Jake Remnant","Luke Prezio",21,12
"on sts 2022","Contenders 4.5+","Pool","Total Control","","Tim Clifford","Trevor Cook","","",21,12
"on sts 2022","Contenders 4.5+","Pool","GOATA Boys","Unnecessary Layouts","Bob Yang","Shawn Madden","Dennis Wei","Josh Hutko",13,21
"on sts 2022","Contenders 4.5+","Pool","Cal & Carl","Drop Nâ€™ Cut","Carlin Vicera","Calyn Kir","Cody Ravindran","Jared Ang",21,15
"on sts 2022","Contenders 4.5+","Pool","Frosted Flakes & Reese's Puffs","Receive Pressure","Anthony Addorisio","Brendan Reesor","Dustin Grant","Sam Mccune",21,18
"on sts 2022","Contenders 4.5+","Pool","Swinging Sloths","Team Hiatus","Logan Snair","Shane Soto","Harrisan Srivenukopalan","Dragan Jovanovic",21,10
"on sts 2022","Contenders 4.5+","Pool","ðŸŒ² BHAD Boys","Yates / Kovatch","Joey Renaud","Nethaniel Gabriel","Brad Yates","Zak Kovatch",21,16
"on sts 2022","Contenders 4.5+","Pool","Babinâ€™s Disciples","YeeeHaww!","Joshua Hachey","Hudson Ford","vibhor dua","Nathan Goh",21,16
"on sts 2022","Contenders 4.5+","Pool","Wario & Waluigi 2.0","BDR itâ€™s so over","Mathieu BÃ©land","Charles Desgens","Ian Lane","Nic Albornoz",21,15
"on sts 2022","Contenders 4.5+","Pool","To D or not to D","Nemesis Foundnet ","Derek Soetemans","Eric Pierce","Brock Leibold","Malachi Albrecht",19,21
"on sts 2022","Contenders 4.5+","Pool","Canadian French Kiss","Juicy Fruit","Simon Guillemette","Kevin Plante","Jake Remnant","Luke Prezio",21,15
"on sts 2022","Contenders 4.5+","Pool","Hu/Staats","Team BC","Joe Hu","Isaac Staats","Edwin Yang","Tim Cheung",13,21
"on sts 2022","Contenders 4.5+","Pool","GOATA Boys","","Bob Yang","Shawn Madden","","",21,18
"on sts 2022","Contenders 4.5+","Pool","Larry's Zoomin","Unnecessary Layouts","Jasper Weatherby","jack Mcara","Dennis Wei","Josh Hutko",3,21
"on sts 2022","Contenders 4.5+","Pool","Frosted Flakes & Reese's Puffs","Drop Nâ€™ Cut","Anthony Addorisio","Brendan Reesor","Cody Ravindran","Jared Ang",21,18
"on sts 2022","Contenders 4.5+","Pool","It's always 8's","Receive Pressure","John Putney","Alex Newton","Dustin Grant","Sam Mccune",19,21
"on sts 2022","Contenders 4.5+","Pool","ðŸŒ² BHAD Boys","Team Hiatus","Joey Renaud","Nethaniel Gabriel","Harrisan Srivenukopalan","Dragan Jovanovic",21,13
"on sts 2022","Contenders 4.5+","Pool","Sour Peeps","Yates / Kovatch","Thomas Lemieux","Kim Laau","Brad Yates","Zak Kovatch",19,21
"on sts 2022","Contenders 4.5+","Pool","Wario & Waluigi 2.0","YeeeHaww!","Mathieu BÃ©land","Charles Desgens","vibhor dua","Nathan Goh",21,14
"on sts 2022","Contenders 4.5+","Pool","Middleburg A Squad","BDR itâ€™s so over","Daniel Patten","Nick Evanko","Ian Lane","Nic Albornoz",21,14
"on sts 2022","Contenders 4.5+","Pool","To D or not to D","Hu/Staats","Derek Soetemans","Eric Pierce","Joe Hu","Isaac Staats",21,18
"on sts 2022","Contenders 4.5+","Pool","Canadian French Kiss","Nemesis Foundnet ","Simon Guillemette","Kevin Plante","Brock Leibold","Malachi Albrecht",19,21
"on sts 2022","Contenders 4.5+","Pool","Team BC","Juicy Fruit","Edwin Yang","Tim Cheung","Jake Remnant","Luke Prezio",21,19
"on sts 2022","Contenders 4.5+","Pool","Total Control","GOATA Boys","Tim Clifford","Trevor Cook","Bob Yang","Shawn Madden",21,13
"on sts 2022","Contenders 4.5+","Pool","","Larry's Zoomin","","","Jasper Weatherby","jack Mcara",21,16
"on sts 2022","Contenders 4.5+","Pool","Cal & Carl","Frosted Flakes & Reese's Puffs","Carlin Vicera","Calyn Kir","Anthony Addorisio","Brendan Reesor",21,13
"on sts 2022","Contenders 4.5+","Pool","Drop Nâ€™ Cut","It's always 8's","Cody Ravindran","Jared Ang","John Putney","Alex Newton",16,21
"on sts 2022","Contenders 4.5+","Pool","Swinging Sloths","ðŸŒ² BHAD Boys","Logan Snair","Shane Soto","Joey Renaud","Nethaniel Gabriel",18,21
"on sts 2022","Contenders 4.5+","Pool","Team Hiatus","Sour Peeps","Harrisan Srivenukopalan","Dragan Jovanovic","Thomas Lemieux","Kim Laau",19,21
"on sts 2022","Contenders 4.5+","Pool","Babinâ€™s Disciples","Wario & Waluigi 2.0","Joshua Hachey","Hudson Ford","Mathieu BÃ©land","Charles Desgens",21,17
"on sts 2022","Contenders 4.5+","Pool","YeeeHaww!","Middleburg A Squad","vibhor dua","Nathan Goh","Daniel Patten","Nick Evanko",21,19
"on sts 2022","Contenders 4.5+","Pool","To D or not to D","Canadian French Kiss","Derek Soetemans","Eric Pierce","Simon Guillemette","Kevin Plante",19,21
"on sts 2022","Contenders 4.5+","Pool","Hu/Staats","Juicy Fruit","Joe Hu","Isaac Staats","Jake Remnant","Luke Prezio",21,9
"on sts 2022","Contenders 4.5+","Pool","Nemesis Foundnet ","Team BC","Brock Leibold","Malachi Albrecht","Edwin Yang","Tim Cheung",21,12
"on sts 2022","Contenders 4.5+","Round of 32","Babinâ€™s Disciples","Juicy Fruit","Joshua Hachey","Hudson Ford","Jake Remnant","Luke Prezio",15,10
"on sts 2022","Contenders 4.5+","Round of 32","Babinâ€™s Disciples","Juicy Fruit","Joshua Hachey","Hudson Ford","Jake Remnant","Luke Prezio",15,7
"on sts 2022","Contenders 4.5+","Round of 32","Wario & Waluigi 2.0","Larry's Zoomin","Mathieu BÃ©land","Charles Desgens","Jasper Weatherby","jack Mcara",15,10
"on sts 2022","Contenders 4.5+","Round of 32","Wario & Waluigi 2.0","Larry's Zoomin","Mathieu BÃ©land","Charles Desgens","Jasper Weatherby","jack Mcara",15,10
"on sts 2022","Contenders 4.5+","Round of 32","Canadian French Kiss","BDR itâ€™s so over","Simon Guillemette","Kevin Plante","Ian Lane","Nic Albornoz",15,9
"on sts 2022","Contenders 4.5+","Round of 32","Canadian French Kiss","BDR itâ€™s so over","Simon Guillemette","Kevin Plante","Ian Lane","Nic Albornoz",15,13
"on sts 2022","Contenders 4.5+","Round of 32","Frosted Flakes & Reese's Puffs","Drop Nâ€™ Cut","Anthony Addorisio","Brendan Reesor","Cody Ravindran","Jared Ang",15,10
"on sts 2022","Contenders 4.5+","Round of 32","Frosted Flakes & Reese's Puffs","Drop Nâ€™ Cut","Anthony Addorisio","Brendan Reesor","Cody Ravindran","Jared Ang",12,15
"on sts 2022","Contenders 4.5+","Round of 32","Frosted Flakes & Reese's Puffs","Drop Nâ€™ Cut","Anthony Addorisio","Brendan Reesor","Cody Ravindran","Jared Ang",15,11
"on sts 2022","Contenders 4.5+","Round of 32","To D or not to D","Hu/Staats","Derek Soetemans","Eric Pierce","Joe Hu","Isaac Staats",15,13
"on sts 2022","Contenders 4.5+","Round of 32","To D or not to D","Hu/Staats","Derek Soetemans","Eric Pierce","Joe Hu","Isaac Staats",15,10
"on sts 2022","Contenders 4.5+","Round of 32","It's always 8's","Team Hiatus","John Putney","Alex Newton","Harrisan Srivenukopalan","Dragan Jovanovic",15,8
"on sts 2022","Contenders 4.5+","Round of 32","It's always 8's","Team Hiatus","John Putney","Alex Newton","Harrisan Srivenukopalan","Dragan Jovanovic",15,11
"on sts 2022","Contenders 4.5+","Round of 32","Middleburg A Squad","","Daniel Patten","Nick Evanko","","",16,14
"on sts 2022","Contenders 4.5+","Round of 32","Middleburg A Squad","","Daniel Patten","Nick Evanko","","",15,8
"on sts 2022","Contenders 4.5+","Round of 32","GOATA Boys","Sour Peeps","Bob Yang","Shawn Madden","Thomas Lemieux","Kim Laau",9,15
"on sts 2022","Contenders 4.5+","Round of 32","GOATA Boys","Sour Peeps","Bob Yang","Shawn Madden","Thomas Lemieux","Kim Laau",15,10
"on sts 2022","Contenders 4.5+","Round of 32","GOATA Boys","Sour Peeps","Bob Yang","Shawn Madden","Thomas Lemieux","Kim Laau",13,15
"on sts 2022","Contenders 4.5+","Round of 32","Receive Pressure","Yates / Kovatch","Dustin Grant","Sam Mccune","Brad Yates","Zak Kovatch",15,12
"on sts 2022","Contenders 4.5+","Round of 32","Receive Pressure","Yates / Kovatch","Dustin Grant","Sam Mccune","Brad Yates","Zak Kovatch",8,15
"on sts 2022","Contenders 4.5+","Round of 32","Receive Pressure","Yates / Kovatch","Dustin Grant","Sam Mccune","Brad Yates","Zak Kovatch",8,15
"on sts 2022","Contenders 4.5+","Round of 32","YeeeHaww!","Team BC","vibhor dua","Nathan Goh","Edwin Yang","Tim Cheung",15,7
"on sts 2022","Contenders 4.5+","Round of 32","YeeeHaww!","Team BC","vibhor dua","Nathan Goh","Edwin Yang","Tim Cheung",21,19
"on sts 2022","Contenders 4.5+","Round of 16","Total Control","YeeeHaww!","Tim Clifford","Trevor Cook","vibhor dua","Nathan Goh",21,13
"on sts 2022","Contenders 4.5+","Round of 16","Total Control","YeeeHaww!","Tim Clifford","Trevor Cook","vibhor dua","Nathan Goh",21,11
"on sts 2022","Contenders 4.5+","Round of 16","Nemesis Foundnet ","Yates / Kovatch","Brock Leibold","Malachi Albrecht","Brad Yates","Zak Kovatch",21,18
"on sts 2022","Contenders 4.5+","Round of 16","Nemesis Foundnet ","Yates / Kovatch","Brock Leibold","Malachi Albrecht","Brad Yates","Zak Kovatch",16,21
"on sts 2022","Contenders 4.5+","Round of 16","Nemesis Foundnet ","Yates / Kovatch","Brock Leibold","Malachi Albrecht","Brad Yates","Zak Kovatch",21,14
"on sts 2022","Contenders 4.5+","Round of 16","ðŸŒ² BHAD Boys","Sour Peeps","Joey Renaud","Nethaniel Gabriel","Thomas Lemieux","Kim Laau",21,18
"on sts 2022","Contenders 4.5+","Round of 16","ðŸŒ² BHAD Boys","Sour Peeps","Joey Renaud","Nethaniel Gabriel","Thomas Lemieux","Kim Laau",21,19
"on sts 2022","Contenders 4.5+","Round of 16","Unnecessary Layouts","Middleburg A Squad","Dennis Wei","Josh Hutko","Daniel Patten","Nick Evanko",19,21
"on sts 2022","Contenders 4.5+","Round of 16","Unnecessary Layouts","Middleburg A Squad","Dennis Wei","Josh Hutko","Daniel Patten","Nick Evanko",21,18
"on sts 2022","Contenders 4.5+","Round of 16","Unnecessary Layouts","Middleburg A Squad","Dennis Wei","Josh Hutko","Daniel Patten","Nick Evanko",21,13
"on sts 2022","Contenders 4.5+","Round of 16","Swinging Sloths","It's always 8's","Logan Snair","Shane Soto","John Putney","Alex Newton",21,18
"on sts 2022","Contenders 4.5+","Round of 16","Swinging Sloths","It's always 8's","Logan Snair","Shane Soto","John Putney","Alex Newton",21,12
"on sts 2022","Contenders 4.5+","Round of 16","Cal & Carl","To D or not to D","Carlin Vicera","Calyn Kir","Derek Soetemans","Eric Pierce",21,16
"on sts 2022","Contenders 4.5+","Round of 16","Cal & Carl","To D or not to D","Carlin Vicera","Calyn Kir","Derek Soetemans","Eric Pierce",21,17
"on sts 2022","Contenders 4.5+","Round of 16","Babinâ€™s Disciples","Frosted Flakes & Reese's Puffs","Joshua Hachey","Hudson Ford","Anthony Addorisio","Brendan Reesor",21,11
"on sts 2022","Contenders 4.5+","Round of 16","Babinâ€™s Disciples","Frosted Flakes & Reese's Puffs","Joshua Hachey","Hudson Ford","Anthony Addorisio","Brendan Reesor",21,18
"on sts 2022","Contenders 4.5+","Round of 16","Wario & Waluigi 2.0","Canadian French Kiss","Mathieu BÃ©land","Charles Desgens","Simon Guillemette","Kevin Plante",19,21
"on sts 2022","Contenders 4.5+","Round of 16","Wario & Waluigi 2.0","Canadian French Kiss","Mathieu BÃ©land","Charles Desgens","Simon Guillemette","Kevin Plante",23,25
"on sts 2022","Contenders 4.5+","P17: Round of 16","BDR itâ€™s so over","Larry's Zoomin","Ian Lane","Nic Albornoz","Jasper Weatherby","jack Mcara",21,14
"on sts 2022","Contenders 4.5+","Quarter-final","Total Control","Canadian French Kiss","Tim Clifford","Trevor Cook","Simon Guillemette","Kevin Plante",21,16
"on sts 2022","Contenders 4.5+","Quarter-final","Total Control","Canadian French Kiss","Tim Clifford","Trevor Cook","Simon Guillemette","Kevin Plante",21,19
"on sts 2022","Contenders 4.5+","Quarter-final","Nemesis Foundnet ","Babinâ€™s Disciples","Brock Leibold","Malachi Albrecht","Joshua Hachey","Hudson Ford",15,21
"on sts 2022","Contenders 4.5+","Quarter-final","Nemesis Foundnet ","Babinâ€™s Disciples","Brock Leibold","Malachi Albrecht","Joshua Hachey","Hudson Ford",21,19
"on sts 2022","Contenders 4.5+","Quarter-final","Nemesis Foundnet ","Babinâ€™s Disciples","Brock Leibold","Malachi Albrecht","Joshua Hachey","Hudson Ford",13,21
"on sts 2022","Contenders 4.5+","Quarter-final","ðŸŒ² BHAD Boys","Cal & Carl","Joey Renaud","Nethaniel Gabriel","Carlin Vicera","Calyn Kir",21,18
"on sts 2022","Contenders 4.5+","Quarter-final","ðŸŒ² BHAD Boys","Cal & Carl","Joey Renaud","Nethaniel Gabriel","Carlin Vicera","Calyn Kir",11,21
"on sts 2022","Contenders 4.5+","Quarter-final","ðŸŒ² BHAD Boys","Cal & Carl","Joey Renaud","Nethaniel Gabriel","Carlin Vicera","Calyn Kir",20,22
"on sts 2022","Contenders 4.5+","Quarter-final","Unnecessary Layouts","Swinging Sloths","Dennis Wei","Josh Hutko","Logan Snair","Shane Soto",24,22
"on sts 2022","Contenders 4.5+","Quarter-final","Unnecessary Layouts","Swinging Sloths","Dennis Wei","Josh Hutko","Logan Snair","Shane Soto",13,21
"on sts 2022","Contenders 4.5+","Quarter-final","Unnecessary Layouts","Swinging Sloths","Dennis Wei","Josh Hutko","Logan Snair","Shane Soto",16,21
"on sts 2022","Contenders 4.5+","P9: Quarter-final","Wario & Waluigi 2.0","YeeeHaww!","Mathieu BÃ©land","Charles Desgens","vibhor dua","Nathan Goh",12,21
"on sts 2022","Contenders 4.5+","P9: Quarter-final","Frosted Flakes & Reese's Puffs","Yates / Kovatch","Anthony Addorisio","Brendan Reesor","Brad Yates","Zak Kovatch",1,0
"on sts 2022","Contenders 4.5+","P9: Quarter-final","It's always 8's","Middleburg A Squad","John Putney","Alex Newton","Daniel Patten","Nick Evanko",1,0
"on sts 2022","Contenders 4.5+","P17: Quarter-final","Team BC","BDR itâ€™s so over","Edwin Yang","Tim Cheung","Ian Lane","Nic Albornoz",-1,0
"on sts 2022","Contenders 4.5+","P17: Quarter-final","GOATA Boys","Hu/Staats","Bob Yang","Shawn Madden","Joe Hu","Isaac Staats",17,21
"on sts 2022","Contenders 4.5+","P17: Quarter-final","","Team Hiatus","","","Harrisan Srivenukopalan","Dragan Jovanovic",0,1
"on sts 2022","Contenders 4.5+","Semi-final","Total Control","Swinging Sloths","Tim Clifford","Trevor Cook","Logan Snair","Shane Soto",23,21
"on sts 2022","Contenders 4.5+","Semi-final","Total Control","Swinging Sloths","Tim Clifford","Trevor Cook","Logan Snair","Shane Soto",21,11
"on sts 2022","Contenders 4.5+","Semi-final","Babinâ€™s Disciples","Cal & Carl","Joshua Hachey","Hudson Ford","Carlin Vicera","Calyn Kir",21,16
"on sts 2022","Contenders 4.5+","Semi-final","Babinâ€™s Disciples","Cal & Carl","Joshua Hachey","Hudson Ford","Carlin Vicera","Calyn Kir",19,21
"on sts 2022","Contenders 4.5+","Semi-final","Babinâ€™s Disciples","Cal & Carl","Joshua Hachey","Hudson Ford","Carlin Vicera","Calyn Kir",12,21
"on sts 2022","Contenders 4.5+","P5: Semi-final","Unnecessary Layouts","Canadian French Kiss","Dennis Wei","Josh Hutko","Simon Guillemette","Kevin Plante",0,1
"on sts 2022","Contenders 4.5+","P9: Semi-final","YeeeHaww!","It's always 8's","vibhor dua","Nathan Goh","John Putney","Alex Newton",1,0
"on sts 2022","Contenders 4.5+","P17: Semi-final","BDR itâ€™s so over","Team Hiatus","Ian Lane","Nic Albornoz","Harrisan Srivenukopalan","Dragan Jovanovic",21,19
"on sts 2022","Contenders 4.5+","Final","Total Control","Cal & Carl","Tim Clifford","Trevor Cook","Carlin Vicera","Calyn Kir",21,11
"on sts 2022","Contenders 4.5+","Final","Total Control","Cal & Carl","Tim Clifford","Trevor Cook","Carlin Vicera","Calyn Kir",8,21
"on sts 2022","Contenders 4.5+","Final","Total Control","Cal & Carl","Tim Clifford","Trevor Cook","Carlin Vicera","Calyn Kir",23,21
"on sts 2022","Contenders 4.5+","P3: Final","Babinâ€™s Disciples","Swinging Sloths","Joshua Hachey","Hudson Ford","Logan Snair","Shane Soto",22,24
"on sts 2022","Contenders 4.5+","P3: Final","Babinâ€™s Disciples","Swinging Sloths","Joshua Hachey","Hudson Ford","Logan Snair","Shane Soto",22,24
"on sts 2022","Advanced 4.0","Pool","Goal diggers","Pocket Rockets","Steven Balamut","brandon farronato","Aaron Pogrin","Elad Dallal",21,9
"on sts 2022","Advanced 4.0","Pool","FURY","Chaos","Andrew Collard","Jesse Paul","Spencer Poon Woo","Max McKerlie",21,16
"on sts 2022","Advanced 4.0","Pool","NOS","Victims of Fowl","Gregory Chan","Caius Tam","Isaac Couling","Ryan Schwartz",21,13
"on sts 2022","Advanced 4.0","Pool","Brezra","After Hours Clinic","Ezra Campanelli","Brendan Muggeridge","Jesse Maracle","William Wu",21,18
"on sts 2022","Advanced 4.0","Pool","Situationship","IRHS","C.J. Sison","David Reyes","Ryan Graham","Nolan Kopecky-Duff",21,13
"on sts 2022","Advanced 4.0","Pool","Wombo Combo","Rogue Shinobi","Isaiah Bergsma","Tim Magwood","Craig Baggio","Aaron Charette",21,16
"on sts 2022","Advanced 4.0","Pool","Mom, get the camera","Klar/Paterson","Kyle Jeung","Vincent Dao","Ben Klar","Callum Paterson",21,9
"on sts 2022","Advanced 4.0","Pool","Spikeboys","inconsistent ramblers","Jon Shantz","Michael Born","Mathis Rodier","Sabir Qureshi",23,25
"on sts 2022","Advanced 4.0","Pool","Bread and Butter","emore","Ashton Wright","Tristan Onusko","Josh Sarmiento","Gorgin Fazli",13,21
"on sts 2022","Advanced 4.0","Pool","Spikeball Hosers","Brothers","Trevor Fleming","Macy Pinsonneault","Cole Zemel","Miles Pitassi",21,7
"on sts 2022","Advanced 4.0","Pool","Kory in the House","Waterfront Recreational Specialists","Kory Crookston","Joshua Ang","Evan Pulchinski","Cameron Bubyn",21,13
"on sts 2022","Advanced 4.0","Pool","Spike D. Ace","Meadowlands Miners","Samuel Lyle Enrico Reyes","Roli Jule","Gage Echlin","Bryce Lippai",21,17
"on sts 2022","Advanced 4.0","Pool","Goal diggers","Chaos","Steven Balamut","brandon farronato","Spencer Poon Woo","Max McKerlie",21,13
"on sts 2022","Advanced 4.0","Pool","AA Batteries","Pocket Rockets","Adam Cook","Alex Kim","Aaron Pogrin","Elad Dallal",21,15
"on sts 2022","Advanced 4.0","Pool","NOS","After Hours Clinic","Gregory Chan","Caius Tam","Jesse Maracle","William Wu",21,10
"on sts 2022","Advanced 4.0","Pool","Ring Masters","Victims of Fowl","Dhir Shukla","Christian Downey","Isaac Couling","Ryan Schwartz",21,10
"on sts 2022","Advanced 4.0","Pool","Situationship","Rogue Shinobi","C.J. Sison","David Reyes","Craig Baggio","Aaron Charette",21,16
"on sts 2022","Advanced 4.0","Pool","Over time","IRHS","Jake Choi","Joseph Lanoue","Ryan Graham","Nolan Kopecky-Duff",19,21
"on sts 2022","Advanced 4.0","Pool","Mom, get the camera","inconsistent ramblers","Kyle Jeung","Vincent Dao","Mathis Rodier","Sabir Qureshi",21,14
"on sts 2022","Advanced 4.0","Pool","Spikeboys","Bread and Butter","Jon Shantz","Michael Born","Ashton Wright","Tristan Onusko",21,10
"on sts 2022","Advanced 4.0","Pool","emore","Klar/Paterson","Josh Sarmiento","Gorgin Fazli","Ben Klar","Callum Paterson",21,15
"on sts 2022","Advanced 4.0","Pool","Spikeball Hosers","Waterfront Recreational Specialists","Trevor Fleming","Macy Pinsonneault","Evan Pulchinski","Cameron Bubyn",21,4
"on sts 2022","Advanced 4.0","Pool","Kory in the House","Spike D. Ace","Kory Crookston","Joshua Ang","Samuel Lyle Enrico Reyes","Roli Jule",21,12
"on sts 2022","Advanced 4.0","Pool","Meadowlands Miners","Brothers","Gage Echlin","Bryce Lippai","Cole Zemel","Miles Pitassi",3,21
"on sts 2022","Advanced 4.0","Pool","Goal diggers","AA Batteries","Steven Balamut","brandon farronato","Adam Cook","Alex Kim",21,13
"on sts 2022","Advanced 4.0","Pool","FURY","Pocket Rockets","Andrew Collard","Jesse Paul","Aaron Pogrin","Elad Dallal",21,13
"on sts 2022","Advanced 4.0","Pool","NOS","Ring Masters","Gregory Chan","Caius Tam","Dhir Shukla","Christian Downey",21,14
"on sts 2022","Advanced 4.0","Pool","Brezra","Victims of Fowl","Ezra Campanelli","Brendan Muggeridge","Isaac Couling","Ryan Schwartz",21,6
"on sts 2022","Advanced 4.0","Pool","Situationship","Over time","C.J. Sison","David Reyes","Jake Choi","Joseph Lanoue",21,12
"on sts 2022","Advanced 4.0","Pool","Wombo Combo","IRHS","Isaiah Bergsma","Tim Magwood","Ryan Graham","Nolan Kopecky-Duff",21,9
"on sts 2022","Advanced 4.0","Pool","Mom, get the camera","emore","Kyle Jeung","Vincent Dao","Josh Sarmiento","Gorgin Fazli",21,18
"on sts 2022","Advanced 4.0","Pool","Spikeboys","Klar/Paterson","Jon Shantz","Michael Born","Ben Klar","Callum Paterson",21,16
"on sts 2022","Advanced 4.0","Pool","Bread and Butter","inconsistent ramblers","Ashton Wright","Tristan Onusko","Mathis Rodier","Sabir Qureshi",15,21
"on sts 2022","Advanced 4.0","Pool","Spikeball Hosers","Meadowlands Miners","Trevor Fleming","Macy Pinsonneault","Gage Echlin","Bryce Lippai",21,5
"on sts 2022","Advanced 4.0","Pool","Kory in the House","Brothers","Kory Crookston","Joshua Ang","Cole Zemel","Miles Pitassi",25,23
"on sts 2022","Advanced 4.0","Pool","Spike D. Ace","Waterfront Recreational Specialists","Samuel Lyle Enrico Reyes","Roli Jule","Evan Pulchinski","Cameron Bubyn",21,11
"on sts 2022","Advanced 4.0","Pool","FURY","AA Batteries","Andrew Collard","Jesse Paul","Adam Cook","Alex Kim",23,25
"on sts 2022","Advanced 4.0","Pool","Chaos","Pocket Rockets","Spencer Poon Woo","Max McKerlie","Aaron Pogrin","Elad Dallal",21,19
"on sts 2022","Advanced 4.0","Pool","Brezra","Ring Masters","Ezra Campanelli","Brendan Muggeridge","Dhir Shukla","Christian Downey",21,12
"on sts 2022","Advanced 4.0","Pool","After Hours Clinic","Victims of Fowl","Jesse Maracle","William Wu","Isaac Couling","Ryan Schwartz",21,19
"on sts 2022","Advanced 4.0","Pool","Wombo Combo","Over time","Isaiah Bergsma","Tim Magwood","Jake Choi","Joseph Lanoue",21,9
"on sts 2022","Advanced 4.0","Pool","Rogue Shinobi","IRHS","Craig Baggio","Aaron Charette","Ryan Graham","Nolan Kopecky-Duff",21,11
"on sts 2022","Advanced 4.0","Pool","Mom, get the camera","Bread and Butter","Kyle Jeung","Vincent Dao","Ashton Wright","Tristan Onusko",21,10
"on sts 2022","Advanced 4.0","Pool","Spikeboys","emore","Jon Shantz","Michael Born","Josh Sarmiento","Gorgin Fazli",17,21
"on sts 2022","Advanced 4.0","Pool","inconsistent ramblers","Klar/Paterson","Mathis Rodier","Sabir Qureshi","Ben Klar","Callum Paterson",21,15
"on sts 2022","Advanced 4.0","Pool","Spikeball Hosers","Spike D. Ace","Trevor Fleming","Macy Pinsonneault","Samuel Lyle Enrico Reyes","Roli Jule",21,12
"on sts 2022","Advanced 4.0","Pool","Kory in the House","Meadowlands Miners","Kory Crookston","Joshua Ang","Gage Echlin","Bryce Lippai",21,6
"on sts 2022","Advanced 4.0","Pool","Waterfront Recreational Specialists","Brothers","Evan Pulchinski","Cameron Bubyn","Cole Zemel","Miles Pitassi",9,21
"on sts 2022","Advanced 4.0","Pool","Goal diggers","FURY","Steven Balamut","brandon farronato","Andrew Collard","Jesse Paul",21,10
"on sts 2022","Advanced 4.0","Pool","AA Batteries","Chaos","Adam Cook","Alex Kim","Spencer Poon Woo","Max McKerlie",21,10
"on sts 2022","Advanced 4.0","Pool","NOS","Brezra","Gregory Chan","Caius Tam","Ezra Campanelli","Brendan Muggeridge",21,8
"on sts 2022","Advanced 4.0","Pool","Ring Masters","After Hours Clinic","Dhir Shukla","Christian Downey","Jesse Maracle","William Wu",21,10
"on sts 2022","Advanced 4.0","Pool","Situationship","Wombo Combo","C.J. Sison","David Reyes","Isaiah Bergsma","Tim Magwood",22,24
"on sts 2022","Advanced 4.0","Pool","Over time","Rogue Shinobi","Jake Choi","Joseph Lanoue","Craig Baggio","Aaron Charette",14,21
"on sts 2022","Advanced 4.0","Pool","Mom, get the camera","Spikeboys","Kyle Jeung","Vincent Dao","Jon Shantz","Michael Born",21,12
"on sts 2022","Advanced 4.0","Pool","Bread and Butter","Klar/Paterson","Ashton Wright","Tristan Onusko","Ben Klar","Callum Paterson",14,21
"on sts 2022","Advanced 4.0","Pool","emore","inconsistent ramblers","Josh Sarmiento","Gorgin Fazli","Mathis Rodier","Sabir Qureshi",21,12
"on sts 2022","Advanced 4.0","Pool","Spikeball Hosers","Kory in the House","Trevor Fleming","Macy Pinsonneault","Kory Crookston","Joshua Ang",21,15
"on sts 2022","Advanced 4.0","Pool","Spike D. Ace","Brothers","Samuel Lyle Enrico Reyes","Roli Jule","Cole Zemel","Miles Pitassi",16,21
"on sts 2022","Advanced 4.0","Pool","Meadowlands Miners","Waterfront Recreational Specialists","Gage Echlin","Bryce Lippai","Evan Pulchinski","Cameron Bubyn",22,24
"on sts 2022","Advanced 4.0","Round of 32","Kory in the House","Meadowlands Miners","Kory Crookston","Joshua Ang","Gage Echlin","Bryce Lippai",15,8
"on sts 2022","Advanced 4.0","Round of 32","Kory in the House","Meadowlands Miners","Kory Crookston","Joshua Ang","Gage Echlin","Bryce Lippai",15,9
"on sts 2022","Advanced 4.0","Round of 32","Situationship","Bread and Butter","C.J. Sison","David Reyes","Ashton Wright","Tristan Onusko",15,3
"on sts 2022","Advanced 4.0","Round of 32","Situationship","Bread and Butter","C.J. Sison","David Reyes","Ashton Wright","Tristan Onusko",15,9
"on sts 2022","Advanced 4.0","Round of 32","emore","Waterfront Recreational Specialists","Josh Sarmiento","Gorgin Fazli","Evan Pulchinski","Cameron Bubyn",21,15
"on sts 2022","Advanced 4.0","Round of 32","emore","Waterfront Recreational Specialists","Josh Sarmiento","Gorgin Fazli","Evan Pulchinski","Cameron Bubyn",21,15
"on sts 2022","Advanced 4.0","Round of 32","Brezra","Victims of Fowl","Ezra Campanelli","Brendan Muggeridge","Isaac Couling","Ryan Schwartz",13,15
"on sts 2022","Advanced 4.0","Round of 32","Brezra","Victims of Fowl","Ezra Campanelli","Brendan Muggeridge","Isaac Couling","Ryan Schwartz",15,6
"on sts 2022","Advanced 4.0","Round of 32","Brezra","Victims of Fowl","Ezra Campanelli","Brendan Muggeridge","Isaac Couling","Ryan Schwartz",15,13
"on sts 2022","Advanced 4.0","Round of 32","AA Batteries","Over time","Adam Cook","Alex Kim","Jake Choi","Joseph Lanoue",15,8
"on sts 2022","Advanced 4.0","Round of 32","AA Batteries","Over time","Adam Cook","Alex Kim","Jake Choi","Joseph Lanoue",17,15
"on sts 2022","Advanced 4.0","Round of 32","Brothers","Pocket Rockets","Cole Zemel","Miles Pitassi","Aaron Pogrin","Elad Dallal",15,11
"on sts 2022","Advanced 4.0","Round of 32","Brothers","Pocket Rockets","Cole Zemel","Miles Pitassi","Aaron Pogrin","Elad Dallal",15,13
"on sts 2022","Advanced 4.0","Round of 32","Rogue Shinobi","Klar/Paterson","Craig Baggio","Aaron Charette","Ben Klar","Callum Paterson",13,15
"on sts 2022","Advanced 4.0","Round of 32","Rogue Shinobi","Klar/Paterson","Craig Baggio","Aaron Charette","Ben Klar","Callum Paterson",11,15
"on sts 2022","Advanced 4.0","Round of 32","Ring Masters","IRHS","Dhir Shukla","Christian Downey","Ryan Graham","Nolan Kopecky-Duff",15,10
"on sts 2022","Advanced 4.0","Round of 32","Ring Masters","IRHS","Dhir Shukla","Christian Downey","Ryan Graham","Nolan Kopecky-Duff",15,10
"on sts 2022","Advanced 4.0","Round of 32","FURY","After Hours Clinic","Andrew Collard","Jesse Paul","Jesse Maracle","William Wu",15,9
"on sts 2022","Advanced 4.0","Round of 32","FURY","After Hours Clinic","Andrew Collard","Jesse Paul","Jesse Maracle","William Wu",13,15
"on sts 2022","Advanced 4.0","Round of 32","FURY","After Hours Clinic","Andrew Collard","Jesse Paul","Jesse Maracle","William Wu",15,12
"on sts 2022","Advanced 4.0","Round of 32","inconsistent ramblers","Chaos","Mathis Rodier","Sabir Qureshi","Spencer Poon Woo","Max McKerlie",15,13
"on sts 2022","Advanced 4.0","Round of 32","inconsistent ramblers","Chaos","Mathis Rodier","Sabir Qureshi","Spencer Poon Woo","Max McKerlie",15,13
"on sts 2022","Advanced 4.0","Round of 32","Spikeboys","Spike D. Ace","Jon Shantz","Michael Born","Samuel Lyle Enrico Reyes","Roli Jule",15,11
"on sts 2022","Advanced 4.0","Round of 32","Spikeboys","Spike D. Ace","Jon Shantz","Michael Born","Samuel Lyle Enrico Reyes","Roli Jule",15,12
"on sts 2022","Advanced 4.0","Round of 16","Spikeball Hosers","Spikeboys","Trevor Fleming","Macy Pinsonneault","Jon Shantz","Michael Born",21,10
"on sts 2022","Advanced 4.0","Round of 16","Spikeball Hosers","Spikeboys","Trevor Fleming","Macy Pinsonneault","Jon Shantz","Michael Born",21,7
"on sts 2022","Advanced 4.0","Round of 16","NOS","inconsistent ramblers","Gregory Chan","Caius Tam","Mathis Rodier","Sabir Qureshi",21,16
"on sts 2022","Advanced 4.0","Round of 16","NOS","inconsistent ramblers","Gregory Chan","Caius Tam","Mathis Rodier","Sabir Qureshi",21,14
"on sts 2022","Advanced 4.0","Round of 16","Goal diggers","FURY","Steven Balamut","brandon farronato","Andrew Collard","Jesse Paul",19,21
"on sts 2022","Advanced 4.0","Round of 16","Goal diggers","FURY","Steven Balamut","brandon farronato","Andrew Collard","Jesse Paul",21,10
"on sts 2022","Advanced 4.0","Round of 16","Goal diggers","FURY","Steven Balamut","brandon farronato","Andrew Collard","Jesse Paul",21,16
"on sts 2022","Advanced 4.0","Round of 16","Mom, get the camera","Ring Masters","Kyle Jeung","Vincent Dao","Dhir Shukla","Christian Downey",19,21
"on sts 2022","Advanced 4.0","Round of 16","Mom, get the camera","Ring Masters","Kyle Jeung","Vincent Dao","Dhir Shukla","Christian Downey",21,18
"on sts 2022","Advanced 4.0","Round of 16","Mom, get the camera","Ring Masters","Kyle Jeung","Vincent Dao","Dhir Shukla","Christian Downey",21,17
"on sts 2022","Advanced 4.0","Round of 16","Wombo Combo","Klar/Paterson","Isaiah Bergsma","Tim Magwood","Ben Klar","Callum Paterson",22,20
"on sts 2022","Advanced 4.0","Round of 16","Wombo Combo","Klar/Paterson","Isaiah Bergsma","Tim Magwood","Ben Klar","Callum Paterson",21,12
"on sts 2022","Advanced 4.0","Round of 16","Kory in the House","Brothers","Kory Crookston","Joshua Ang","Cole Zemel","Miles Pitassi",21,15
"on sts 2022","Advanced 4.0","Round of 16","Kory in the House","Brothers","Kory Crookston","Joshua Ang","Cole Zemel","Miles Pitassi",21,18
"on sts 2022","Advanced 4.0","Round of 16","Situationship","AA Batteries","C.J. Sison","David Reyes","Adam Cook","Alex Kim",16,21
"on sts 2022","Advanced 4.0","Round of 16","Situationship","AA Batteries","C.J. Sison","David Reyes","Adam Cook","Alex Kim",22,20
"on sts 2022","Advanced 4.0","Round of 16","Situationship","AA Batteries","C.J. Sison","David Reyes","Adam Cook","Alex Kim",21,18
"on sts 2022","Advanced 4.0","Round of 16","emore","Brezra","Josh Sarmiento","Gorgin Fazli","Ezra Campanelli","Brendan Muggeridge",21,16
"on sts 2022","Advanced 4.0","Round of 16","emore","Brezra","Josh Sarmiento","Gorgin Fazli","Ezra Campanelli","Brendan Muggeridge",21,16
"on sts 2022","Advanced 4.0","P17: Round of 16","Pocket Rockets","Meadowlands Miners","Aaron Pogrin","Elad Dallal","Gage Echlin","Bryce Lippai",21,16
"on sts 2022","Advanced 4.0","P17: Round of 16","Over time","Bread and Butter","Jake Choi","Joseph Lanoue","Ashton Wright","Tristan Onusko",17,21
"on sts 2022","Advanced 4.0","P17: Round of 16","Victims of Fowl","Waterfront Recreational Specialists","Isaac Couling","Ryan Schwartz","Evan Pulchinski","Cameron Bubyn",2,0
"on sts 2022","Advanced 4.0","Quarter-final","Spikeball Hosers","emore","Trevor Fleming","Macy Pinsonneault","Josh Sarmiento","Gorgin Fazli",22,24
"on sts 2022","Advanced 4.0","Quarter-final","Spikeball Hosers","emore","Trevor Fleming","Macy Pinsonneault","Josh Sarmiento","Gorgin Fazli",18,21
"on sts 2022","Advanced 4.0","Quarter-final","NOS","Situationship","Gregory Chan","Caius Tam","C.J. Sison","David Reyes",21,14
"on sts 2022","Advanced 4.0","Quarter-final","NOS","Situationship","Gregory Chan","Caius Tam","C.J. Sison","David Reyes",21,18
"on sts 2022","Advanced 4.0","Quarter-final","Goal diggers","Kory in the House","Steven Balamut","brandon farronato","Kory Crookston","Joshua Ang",21,10
"on sts 2022","Advanced 4.0","Quarter-final","Goal diggers","Kory in the House","Steven Balamut","brandon farronato","Kory Crookston","Joshua Ang",21,17
"on sts 2022","Advanced 4.0","Quarter-final","Mom, get the camera","Wombo Combo","Kyle Jeung","Vincent Dao","Isaiah Bergsma","Tim Magwood",16,21
"on sts 2022","Advanced 4.0","Quarter-final","Mom, get the camera","Wombo Combo","Kyle Jeung","Vincent Dao","Isaiah Bergsma","Tim Magwood",21,18
"on sts 2022","Advanced 4.0","Quarter-final","Mom, get the camera","Wombo Combo","Kyle Jeung","Vincent Dao","Isaiah Bergsma","Tim Magwood",21,17
"on sts 2022","Advanced 4.0","P9: Quarter-final","Brezra","Spikeboys","Ezra Campanelli","Brendan Muggeridge","Jon Shantz","Michael Born",21,0
"on sts 2022","Advanced 4.0","P9: Quarter-final","AA Batteries","inconsistent ramblers","Adam Cook","Alex Kim","Mathis Rodier","Sabir Qureshi",21,13
"on sts 2022","Advanced 4.0","P9: Quarter-final","Brothers","FURY","Cole Zemel","Miles Pitassi","Andrew Collard","Jesse Paul",21,17
"on sts 2022","Advanced 4.0","P9: Quarter-final","Klar/Paterson","Ring Masters","Ben Klar","Callum Paterson","Dhir Shukla","Christian Downey",10,15
"on sts 2022","Advanced 4.0","P17: Quarter-final","Spike D. Ace","Victims of Fowl","Samuel Lyle Enrico Reyes","Roli Jule","Isaac Couling","Ryan Schwartz",21,15
"on sts 2022","Advanced 4.0","P17: Quarter-final","Chaos","Bread and Butter","Spencer Poon Woo","Max McKerlie","Ashton Wright","Tristan Onusko",17,21
"on sts 2022","Advanced 4.0","P17: Quarter-final","After Hours Clinic","Pocket Rockets","Jesse Maracle","William Wu","Aaron Pogrin","Elad Dallal",19,21
"on sts 2022","Advanced 4.0","P17: Quarter-final","IRHS","Rogue Shinobi","Ryan Graham","Nolan Kopecky-Duff","Craig Baggio","Aaron Charette",0,2
"on sts 2022","Advanced 4.0","Semi-final","emore","Mom, get the camera","Josh Sarmiento","Gorgin Fazli","Kyle Jeung","Vincent Dao",21,18
"on sts 2022","Advanced 4.0","Semi-final","emore","Mom, get the camera","Josh Sarmiento","Gorgin Fazli","Kyle Jeung","Vincent Dao",21,18
"on sts 2022","Advanced 4.0","Semi-final","NOS","Goal diggers","Gregory Chan","Caius Tam","Steven Balamut","brandon farronato",20,22
"on sts 2022","Advanced 4.0","Semi-final","NOS","Goal diggers","Gregory Chan","Caius Tam","Steven Balamut","brandon farronato",21,19
"on sts 2022","Advanced 4.0","Semi-final","NOS","Goal diggers","Gregory Chan","Caius Tam","Steven Balamut","brandon farronato",27,25
"on sts 2022","Advanced 4.0","P5: Semi-final","Wombo Combo","Spikeball Hosers","Isaiah Bergsma","Tim Magwood","Trevor Fleming","Macy Pinsonneault",17,21
"on sts 2022","Advanced 4.0","P5: Semi-final","Wombo Combo","Spikeball Hosers","Isaiah Bergsma","Tim Magwood","Trevor Fleming","Macy Pinsonneault",20,22
"on sts 2022","Advanced 4.0","P5: Semi-final","Kory in the House","Situationship","Kory Crookston","Joshua Ang","C.J. Sison","David Reyes",21,17
"on sts 2022","Advanced 4.0","P5: Semi-final","Kory in the House","Situationship","Kory Crookston","Joshua Ang","C.J. Sison","David Reyes",19,21
"on sts 2022","Advanced 4.0","P5: Semi-final","Kory in the House","Situationship","Kory Crookston","Joshua Ang","C.J. Sison","David Reyes",18,21
"on sts 2022","Advanced 4.0","P9: Semi-final","Brezra","Ring Masters","Ezra Campanelli","Brendan Muggeridge","Dhir Shukla","Christian Downey",21,23
"on sts 2022","Advanced 4.0","P9: Semi-final","AA Batteries","Brothers","Adam Cook","Alex Kim","Cole Zemel","Miles Pitassi",19,21
"on sts 2022","Advanced 4.0","P13: Semi-final","Klar/Paterson","Spikeboys","Ben Klar","Callum Paterson","Jon Shantz","Michael Born",1,0
"on sts 2022","Advanced 4.0","P13: Semi-final","FURY","inconsistent ramblers","Andrew Collard","Jesse Paul","Mathis Rodier","Sabir Qureshi",21,18
"on sts 2022","Advanced 4.0","P17: Semi-final","Spike D. Ace","Rogue Shinobi","Samuel Lyle Enrico Reyes","Roli Jule","Craig Baggio","Aaron Charette",17,21
"on sts 2022","Advanced 4.0","P17: Semi-final","Bread and Butter","Pocket Rockets","Ashton Wright","Tristan Onusko","Aaron Pogrin","Elad Dallal",21,19
"on sts 2022","Advanced 4.0","P21: Semi-final","IRHS","Victims of Fowl","Ryan Graham","Nolan Kopecky-Duff","Isaac Couling","Ryan Schwartz",0,2
"on sts 2022","Advanced 4.0","P21: Semi-final","After Hours Clinic","Chaos","Jesse Maracle","William Wu","Spencer Poon Woo","Max McKerlie",21,18
"on sts 2022","Advanced 4.0","P25: Semi-final","Over time","Meadowlands Miners","Jake Choi","Joseph Lanoue","Gage Echlin","Bryce Lippai",21,15
"on sts 2022","Advanced 4.0","Final","emore","NOS","Josh Sarmiento","Gorgin Fazli","Gregory Chan","Caius Tam",14,21
"on sts 2022","Advanced 4.0","Final","emore","NOS","Josh Sarmiento","Gorgin Fazli","Gregory Chan","Caius Tam",18,21
"on sts 2022","Advanced 4.0","P3: Final","Goal diggers","Mom, get the camera","Steven Balamut","brandon farronato","Kyle Jeung","Vincent Dao",1,0
"on sts 2022","Advanced 4.0","P3: Final","Goal diggers","Mom, get the camera","Steven Balamut","brandon farronato","Kyle Jeung","Vincent Dao",0,1
"on sts 2022","Advanced 4.0","P3: Final","Goal diggers","Mom, get the camera","Steven Balamut","brandon farronato","Kyle Jeung","Vincent Dao",0,1
"on sts 2022","Advanced 4.0","P5: Final","Spikeball Hosers","Situationship","Trevor Fleming","Macy Pinsonneault","C.J. Sison","David Reyes",21,17
"on sts 2022","Advanced 4.0","P5: Final","Spikeball Hosers","Situationship","Trevor Fleming","Macy Pinsonneault","C.J. Sison","David Reyes",21,19
"on sts 2022","Advanced 4.0","P7: Final","Kory in the House","Wombo Combo","Kory Crookston","Joshua Ang","Isaiah Bergsma","Tim Magwood",21,15
"on sts 2022","Advanced 4.0","P7: Final","Kory in the House","Wombo Combo","Kory Crookston","Joshua Ang","Isaiah Bergsma","Tim Magwood",18,21
"on sts 2022","Advanced 4.0","P7: Final","Kory in the House","Wombo Combo","Kory Crookston","Joshua Ang","Isaiah Bergsma","Tim Magwood",18,21
"on sts 2022","Advanced 4.0","P9: Final","Ring Masters","Brothers","Dhir Shukla","Christian Downey","Cole Zemel","Miles Pitassi",19,21
"on sts 2022","Advanced 4.0","P13: Final","Klar/Paterson","FURY","Ben Klar","Callum Paterson","Andrew Collard","Jesse Paul",15,13
"on sts 2022","Advanced 4.0","P15: Final","inconsistent ramblers","Spikeboys","Mathis Rodier","Sabir Qureshi","Jon Shantz","Michael Born",1,0
"on sts 2022","Advanced 4.0","P17: Final","Rogue Shinobi","Bread and Butter","Craig Baggio","Aaron Charette","Ashton Wright","Tristan Onusko",21,18
"on sts 2022","Advanced 4.0","P19: Final","Pocket Rockets","Spike D. Ace","Aaron Pogrin","Elad Dallal","Samuel Lyle Enrico Reyes","Roli Jule",0,21
"on sts 2022","Advanced 4.0","P21: Final","Victims of Fowl","After Hours Clinic","Isaac Couling","Ryan Schwartz","Jesse Maracle","William Wu",13,21
"on sts 2022","Advanced 4.0","P23: Final","Chaos","IRHS","Spencer Poon Woo","Max McKerlie","Ryan Graham","Nolan Kopecky-Duff",21,18
"on sts 2022","Women's Advanced 4.0+","Pool","BHADDIES","Rachel & Sophie","Sylvia Dean","Jaime Cunningham","Rachel Cheung","Sophie Cooke",21,14
"on sts 2022","Women's Advanced 4.0+","Pool","KxD","Marshmallow ðŸ¾ ðŸ§","Rosemay Diaz","Cecilia Kowara","Genevieve Tardy","Kim Aspirot",27,29
"on sts 2022","Women's Advanced 4.0+","Pool","Shella Confused","Sugar & Spikes","Shonda Couroux","Ella Fairbairn","Abby Carter","Grace Johnston",21,5
"on sts 2022","Women's Advanced 4.0+","Pool","Hot Chili Spikers","Daughters of Dave","Maggie Li","Sophia Yu","Heidi Shantz","Marissa Brubacher",21,18
"on sts 2022","Women's Advanced 4.0+","Pool","Not again ðŸ¬","The Manatees","Sarah Boucher Gratton","Caroline Gauthier-Larouche","Katie Robertson","Emma Robertson",21,16
"on sts 2022","Women's Advanced 4.0+","Pool","BHADDIES","Marshmallow ðŸ¾ ðŸ§","Sylvia Dean","Jaime Cunningham","Genevieve Tardy","Kim Aspirot",16,21
"on sts 2022","Women's Advanced 4.0+","Pool","Bao Baes","Rachel & Sophie","Chelsea Cheung","Dianne Fonseca","Rachel Cheung","Sophie Cooke",21,14
"on sts 2022","Women's Advanced 4.0+","Pool","Shella Confused","Daughters of Dave","Shonda Couroux","Ella Fairbairn","Heidi Shantz","Marissa Brubacher",21,11
"on sts 2022","Women's Advanced 4.0+","Pool","Hot Chili Spikers","Not again ðŸ¬","Maggie Li","Sophia Yu","Sarah Boucher Gratton","Caroline Gauthier-Larouche",12,21
"on sts 2022","Women's Advanced 4.0+","Pool","The Manatees","Sugar & Spikes","Katie Robertson","Emma Robertson","Abby Carter","Grace Johnston",21,13
"on sts 2022","Women's Advanced 4.0+","Pool","BHADDIES","Bao Baes","Sylvia Dean","Jaime Cunningham","Chelsea Cheung","Dianne Fonseca",10,21
"on sts 2022","Women's Advanced 4.0+","Pool","KxD","Rachel & Sophie","Rosemay Diaz","Cecilia Kowara","Rachel Cheung","Sophie Cooke",21,13
"on sts 2022","Women's Advanced 4.0+","Pool","Shella Confused","The Manatees","Shonda Couroux","Ella Fairbairn","Katie Robertson","Emma Robertson",21,17
"on sts 2022","Women's Advanced 4.0+","Pool","Hot Chili Spikers","Sugar & Spikes","Maggie Li","Sophia Yu","Abby Carter","Grace Johnston",21,4
"on sts 2022","Women's Advanced 4.0+","Pool","Not again ðŸ¬","Daughters of Dave","Sarah Boucher Gratton","Caroline Gauthier-Larouche","Heidi Shantz","Marissa Brubacher",21,10
"on sts 2022","Women's Advanced 4.0+","Pool","KxD","Bao Baes","Rosemay Diaz","Cecilia Kowara","Chelsea Cheung","Dianne Fonseca",19,21
"on sts 2022","Women's Advanced 4.0+","Pool","Marshmallow ðŸ¾ ðŸ§","Rachel & Sophie","Genevieve Tardy","Kim Aspirot","Rachel Cheung","Sophie Cooke",21,17
"on sts 2022","Women's Advanced 4.0+","Pool","Shella Confused","Not again ðŸ¬","Shonda Couroux","Ella Fairbairn","Sarah Boucher Gratton","Caroline Gauthier-Larouche",22,24
"on sts 2022","Women's Advanced 4.0+","Pool","Hot Chili Spikers","The Manatees","Maggie Li","Sophia Yu","Katie Robertson","Emma Robertson",21,15
"on sts 2022","Women's Advanced 4.0+","Pool","Daughters of Dave","Sugar & Spikes","Heidi Shantz","Marissa Brubacher","Abby Carter","Grace Johnston",21,14
"on sts 2022","Women's Advanced 4.0+","Pool","BHADDIES","KxD","Sylvia Dean","Jaime Cunningham","Rosemay Diaz","Cecilia Kowara",12,21
"on sts 2022","Women's Advanced 4.0+","Pool","Bao Baes","Marshmallow ðŸ¾ ðŸ§","Chelsea Cheung","Dianne Fonseca","Genevieve Tardy","Kim Aspirot",21,19
"on sts 2022","Women's Advanced 4.0+","Pool","Shella Confused","Hot Chili Spikers","Shonda Couroux","Ella Fairbairn","Maggie Li","Sophia Yu",21,18
"on sts 2022","Women's Advanced 4.0+","Pool","Not again ðŸ¬","Sugar & Spikes","Sarah Boucher Gratton","Caroline Gauthier-Larouche","Abby Carter","Grace Johnston",21,6
"on sts 2022","Women's Advanced 4.0+","Pool","The Manatees","Daughters of Dave","Katie Robertson","Emma Robertson","Heidi Shantz","Marissa Brubacher",22,20
"on sts 2022","Women's Advanced 4.0+","Round of 16","Hot Chili Spikers","Sugar & Spikes","Maggie Li","Sophia Yu","Abby Carter","Grace Johnston",21,13
"on sts 2022","Women's Advanced 4.0+","Round of 16","Hot Chili Spikers","Sugar & Spikes","Maggie Li","Sophia Yu","Abby Carter","Grace Johnston",21,17
"on sts 2022","Women's Advanced 4.0+","Round of 16","The Manatees","Rachel & Sophie","Katie Robertson","Emma Robertson","Rachel Cheung","Sophie Cooke",21,18
"on sts 2022","Women's Advanced 4.0+","Round of 16","The Manatees","Rachel & Sophie","Katie Robertson","Emma Robertson","Rachel Cheung","Sophie Cooke",24,22
"on sts 2022","Women's Advanced 4.0+","Round of 16","BHADDIES","Daughters of Dave","Sylvia Dean","Jaime Cunningham","Heidi Shantz","Marissa Brubacher",1,0
"on sts 2022","Women's Advanced 4.0+","Round of 16","BHADDIES","Daughters of Dave","Sylvia Dean","Jaime Cunningham","Heidi Shantz","Marissa Brubacher",1,0
"on sts 2022","Women's Advanced 4.0+","Quarter-final","Not again ðŸ¬","BHADDIES","Sarah Boucher Gratton","Caroline Gauthier-Larouche","Sylvia Dean","Jaime Cunningham",19,21
"on sts 2022","Women's Advanced 4.0+","Quarter-final","Not again ðŸ¬","BHADDIES","Sarah Boucher Gratton","Caroline Gauthier-Larouche","Sylvia Dean","Jaime Cunningham",21,17
"on sts 2022","Women's Advanced 4.0+","Quarter-final","Not again ðŸ¬","BHADDIES","Sarah Boucher Gratton","Caroline Gauthier-Larouche","Sylvia Dean","Jaime Cunningham",21,17
"on sts 2022","Women's Advanced 4.0+","Quarter-final","Bao Baes","The Manatees","Chelsea Cheung","Dianne Fonseca","Katie Robertson","Emma Robertson",21,14
"on sts 2022","Women's Advanced 4.0+","Quarter-final","Bao Baes","The Manatees","Chelsea Cheung","Dianne Fonseca","Katie Robertson","Emma Robertson",21,10
"on sts 2022","Women's Advanced 4.0+","Quarter-final","Shella Confused","Hot Chili Spikers","Shonda Couroux","Ella Fairbairn","Maggie Li","Sophia Yu",21,17
"on sts 2022","Women's Advanced 4.0+","Quarter-final","Shella Confused","Hot Chili Spikers","Shonda Couroux","Ella Fairbairn","Maggie Li","Sophia Yu",21,4
"on sts 2022","Women's Advanced 4.0+","Quarter-final","Marshmallow ðŸ¾ ðŸ§","KxD","Genevieve Tardy","Kim Aspirot","Rosemay Diaz","Cecilia Kowara",21,16
"on sts 2022","Women's Advanced 4.0+","Quarter-final","Marshmallow ðŸ¾ ðŸ§","KxD","Genevieve Tardy","Kim Aspirot","Rosemay Diaz","Cecilia Kowara",21,15
"on sts 2022","Women's Advanced 4.0+","Semi-final","Not again ðŸ¬","Marshmallow ðŸ¾ ðŸ§","Sarah Boucher Gratton","Caroline Gauthier-Larouche","Genevieve Tardy","Kim Aspirot",17,21
"on sts 2022","Women's Advanced 4.0+","Semi-final","Not again ðŸ¬","Marshmallow ðŸ¾ ðŸ§","Sarah Boucher Gratton","Caroline Gauthier-Larouche","Genevieve Tardy","Kim Aspirot",17,21
"on sts 2022","Women's Advanced 4.0+","Semi-final","Bao Baes","Shella Confused","Chelsea Cheung","Dianne Fonseca","Shonda Couroux","Ella Fairbairn",21,9
"on sts 2022","Women's Advanced 4.0+","Semi-final","Bao Baes","Shella Confused","Chelsea Cheung","Dianne Fonseca","Shonda Couroux","Ella Fairbairn",21,19
"on sts 2022","Women's Advanced 4.0+","P5: Semi-final","KxD","BHADDIES","Rosemay Diaz","Cecilia Kowara","Sylvia Dean","Jaime Cunningham",1,0
"on sts 2022","Women's Advanced 4.0+","P5: Semi-final","KxD","BHADDIES","Rosemay Diaz","Cecilia Kowara","Sylvia Dean","Jaime Cunningham",0,1
"on sts 2022","Women's Advanced 4.0+","P5: Semi-final","KxD","BHADDIES","Rosemay Diaz","Cecilia Kowara","Sylvia Dean","Jaime Cunningham",0,1
"on sts 2022","Women's Advanced 4.0+","P5: Semi-final","Hot Chili Spikers","The Manatees","Maggie Li","Sophia Yu","Katie Robertson","Emma Robertson",21,17
"on sts 2022","Women's Advanced 4.0+","P5: Semi-final","Hot Chili Spikers","The Manatees","Maggie Li","Sophia Yu","Katie Robertson","Emma Robertson",1,0
"on sts 2022","Women's Advanced 4.0+","P9: Semi-final","Rachel & Sophie","Sugar & Spikes","Rachel Cheung","Sophie Cooke","Abby Carter","Grace Johnston",1,0
"on sts 2022","Women's Advanced 4.0+","Final","Marshmallow ðŸ¾ ðŸ§","Bao Baes","Genevieve Tardy","Kim Aspirot","Chelsea Cheung","Dianne Fonseca",17,21
"on sts 2022","Women's Advanced 4.0+","Final","Marshmallow ðŸ¾ ðŸ§","Bao Baes","Genevieve Tardy","Kim Aspirot","Chelsea Cheung","Dianne Fonseca",19,21
"on sts 2022","Women's Advanced 4.0+","P3: Final","Shella Confused","Not again ðŸ¬","Shonda Couroux","Ella Fairbairn","Sarah Boucher Gratton","Caroline Gauthier-Larouche",12,21
"on sts 2022","Women's Advanced 4.0+","P3: Final","Shella Confused","Not again ðŸ¬","Shonda Couroux","Ella Fairbairn","Sarah Boucher Gratton","Caroline Gauthier-Larouche",16,21
"on sts 2022","Women's Advanced 4.0+","P5: Final","BHADDIES","Hot Chili Spikers","Sylvia Dean","Jaime Cunningham","Maggie Li","Sophia Yu",1,0
"on sts 2022","Women's Advanced 4.0+","P5: Final","BHADDIES","Hot Chili Spikers","Sylvia Dean","Jaime Cunningham","Maggie Li","Sophia Yu",1,0
"on sts 2022","Women's Advanced 4.0+","P9: Final","Daughters of Dave","Rachel & Sophie","Heidi Shantz","Marissa Brubacher","Rachel Cheung","Sophie Cooke",0,1
"on sts 2022","Intermediate 3.0","Pool","Goosebumpy","Dumb Aces","Omar Ansari","Nik Mehta","Gavin De Moura","Wyatt De Moura",21,14
"on sts 2022","Intermediate 3.0","Pool","Will and Friend","The Milkmen","Wilfrid Querobin","Alex Hana","Micah DuChene","Seth DuChene",17,21
"on sts 2022","Intermediate 3.0","Pool","Ball Busters","Hot and Spikey","Joey Undzys","Andrea Lojowsky","Alex Vetero","Kartik Pitale",7,21
"on sts 2022","Intermediate 3.0","Pool","Mommy and Daddy","Sleepy Fil","Mike Peters","Cameron Ginter","Christopher De Martin","Matthew Krikorian",7,21
"on sts 2022","Intermediate 3.0","Pool","Reverse Cut JEMS","Stars and Spikes","Tracy Cartaxo","Ryan Evoy","Isabella Portt","Nick Vermette",21,11
"on sts 2022","Intermediate 3.0","Pool","KB24","Northern Lights","Ishraq Joarder","Rares M","Noah Bolton","Tyler Mirco",21,6
"on sts 2022","Intermediate 3.0","Pool","Fun Guys","Safe Sets","Steven Nguyen","Kenneth Alocilja","Ryan Smith","Gabriel Alvarez",21,17
"on sts 2022","Intermediate 3.0","Pool","The Assassins","Third Spikes a Charm","Ben Cylka","Jordan Martin","Braedy Lee","Daniel Billingsley",21,11
"on sts 2022","Intermediate 3.0","Pool","Sausages n Enchiladas ðŸ‘€","Wide Open","Ricardo Boscan","Connor Fyffe-White","Seth Wassyng","Matthew Lai",10,21
"on sts 2022","Intermediate 3.0","Pool","WallyBall","BBQ Duck","Kenneth Cheung","Wallace Chan","Stanley Yip","Kevin Li",21,19
"on sts 2022","Intermediate 3.0","Pool","P.E Class","Fired Up","Edgar Capule","Paul Buning","Brock Haynes","Tim DeCoste",21,11
"on sts 2022","Intermediate 3.0","Pool","Pocket Monsters","Bleary Villagers","Michael Iwaskewycz","Jakob Martin","Evan Krikorian","Nicholas De Martin",14,21
"on sts 2022","Intermediate 3.0","Pool","Block & Roll","Soppressata Smash Bros.","Ing Xhu Lim","Youssef Elnaka","Alex Cianfagna","Mike Idzenga",21,8
"on sts 2022","Intermediate 3.0","Pool","Goosebumpy","The Milkmen","Omar Ansari","Nik Mehta","Micah DuChene","Seth DuChene",21,11
"on sts 2022","Intermediate 3.0","Pool","Will and Friend","Ball Busters","Wilfrid Querobin","Alex Hana","Joey Undzys","Andrea Lojowsky",21,15
"on sts 2022","Intermediate 3.0","Pool","Hot and Spikey","Dumb Aces","Alex Vetero","Kartik Pitale","Gavin De Moura","Wyatt De Moura",21,15
"on sts 2022","Intermediate 3.0","Pool","Mommy and Daddy","Stars and Spikes","Mike Peters","Cameron Ginter","Isabella Portt","Nick Vermette",16,21
"on sts 2022","Intermediate 3.0","Pool","Reverse Cut JEMS","KB24","Tracy Cartaxo","Ryan Evoy","Ishraq Joarder","Rares M",18,21
"on sts 2022","Intermediate 3.0","Pool","Northern Lights","Sleepy Fil","Noah Bolton","Tyler Mirco","Christopher De Martin","Matthew Krikorian",11,21
"on sts 2022","Intermediate 3.0","Pool","Fun Guys","Third Spikes a Charm","Steven Nguyen","Kenneth Alocilja","Braedy Lee","Daniel Billingsley",21,19
"on sts 2022","Intermediate 3.0","Pool","The Assassins","Sausages n Enchiladas ðŸ‘€","Ben Cylka","Jordan Martin","Ricardo Boscan","Connor Fyffe-White",21,19
"on sts 2022","Intermediate 3.0","Pool","Wide Open","Safe Sets","Seth Wassyng","Matthew Lai","Ryan Smith","Gabriel Alvarez",21,5
"on sts 2022","Intermediate 3.0","Pool","WallyBall","Fired Up","Kenneth Cheung","Wallace Chan","Brock Haynes","Tim DeCoste",21,7
"on sts 2022","Intermediate 3.0","Pool","Demi kings","BBQ Duck","Evan McDonald","Josh Bolton","Stanley Yip","Kevin Li",19,21
"on sts 2022","Intermediate 3.0","Pool","Pocket Monsters","Soppressata Smash Bros.","Michael Iwaskewycz","Jakob Martin","Alex Cianfagna","Mike Idzenga",15,21
"on sts 2022","Intermediate 3.0","Pool","Spikological Warfare","Bleary Villagers","Thomas Wilson","Simon Granger","Evan Krikorian","Nicholas De Martin",16,21
"on sts 2022","Intermediate 3.0","Pool","Goosebumpy","Hot and Spikey","Omar Ansari","Nik Mehta","Alex Vetero","Kartik Pitale",16,21
"on sts 2022","Intermediate 3.0","Pool","Will and Friend","Dumb Aces","Wilfrid Querobin","Alex Hana","Gavin De Moura","Wyatt De Moura",17,21
"on sts 2022","Intermediate 3.0","Pool","Ball Busters","The Milkmen","Joey Undzys","Andrea Lojowsky","Micah DuChene","Seth DuChene",13,21
"on sts 2022","Intermediate 3.0","Pool","Mommy and Daddy","Northern Lights","Mike Peters","Cameron Ginter","Noah Bolton","Tyler Mirco",6,21
"on sts 2022","Intermediate 3.0","Pool","Reverse Cut JEMS","Sleepy Fil","Tracy Cartaxo","Ryan Evoy","Christopher De Martin","Matthew Krikorian",10,21
"on sts 2022","Intermediate 3.0","Pool","KB24","Stars and Spikes","Ishraq Joarder","Rares M","Isabella Portt","Nick Vermette",21,9
"on sts 2022","Intermediate 3.0","Pool","Fun Guys","Wide Open","Steven Nguyen","Kenneth Alocilja","Seth Wassyng","Matthew Lai",13,21
"on sts 2022","Intermediate 3.0","Pool","The Assassins","Safe Sets","Ben Cylka","Jordan Martin","Ryan Smith","Gabriel Alvarez",21,12
"on sts 2022","Intermediate 3.0","Pool","Sausages n Enchiladas ðŸ‘€","Third Spikes a Charm","Ricardo Boscan","Connor Fyffe-White","Braedy Lee","Daniel Billingsley",19,21
"on sts 2022","Intermediate 3.0","Pool","WallyBall","Demi kings","Kenneth Cheung","Wallace Chan","Evan McDonald","Josh Bolton",21,18
"on sts 2022","Intermediate 3.0","Pool","P.E Class","BBQ Duck","Edgar Capule","Paul Buning","Stanley Yip","Kevin Li",21,17
"on sts 2022","Intermediate 3.0","Pool","Pocket Monsters","Spikological Warfare","Michael Iwaskewycz","Jakob Martin","Thomas Wilson","Simon Granger",14,21
"on sts 2022","Intermediate 3.0","Pool","Block & Roll","Bleary Villagers","Ing Xhu Lim","Youssef Elnaka","Evan Krikorian","Nicholas De Martin",21,15
"on sts 2022","Intermediate 3.0","Pool","Goosebumpy","Ball Busters","Omar Ansari","Nik Mehta","Joey Undzys","Andrea Lojowsky",21,7
"on sts 2022","Intermediate 3.0","Pool","Will and Friend","Hot and Spikey","Wilfrid Querobin","Alex Hana","Alex Vetero","Kartik Pitale",16,21
"on sts 2022","Intermediate 3.0","Pool","The Milkmen","Dumb Aces","Micah DuChene","Seth DuChene","Gavin De Moura","Wyatt De Moura",12,21
"on sts 2022","Intermediate 3.0","Pool","Mommy and Daddy","KB24","Mike Peters","Cameron Ginter","Ishraq Joarder","Rares M",9,21
"on sts 2022","Intermediate 3.0","Pool","Reverse Cut JEMS","Northern Lights","Tracy Cartaxo","Ryan Evoy","Noah Bolton","Tyler Mirco",21,14
"on sts 2022","Intermediate 3.0","Pool","Stars and Spikes","Sleepy Fil","Isabella Portt","Nick Vermette","Christopher De Martin","Matthew Krikorian",10,21
"on sts 2022","Intermediate 3.0","Pool","Fun Guys","Sausages n Enchiladas ðŸ‘€","Steven Nguyen","Kenneth Alocilja","Ricardo Boscan","Connor Fyffe-White",9,21
"on sts 2022","Intermediate 3.0","Pool","The Assassins","Wide Open","Ben Cylka","Jordan Martin","Seth Wassyng","Matthew Lai",19,21
"on sts 2022","Intermediate 3.0","Pool","Third Spikes a Charm","Safe Sets","Braedy Lee","Daniel Billingsley","Ryan Smith","Gabriel Alvarez",21,8
"on sts 2022","Intermediate 3.0","Pool","P.E Class","Demi kings","Edgar Capule","Paul Buning","Evan McDonald","Josh Bolton",11,21
"on sts 2022","Intermediate 3.0","Pool","Fired Up","BBQ Duck","Brock Haynes","Tim DeCoste","Stanley Yip","Kevin Li",17,21
"on sts 2022","Intermediate 3.0","Pool","Block & Roll","Spikological Warfare","Ing Xhu Lim","Youssef Elnaka","Thomas Wilson","Simon Granger",21,12
"on sts 2022","Intermediate 3.0","Pool","Soppressata Smash Bros.","Bleary Villagers","Alex Cianfagna","Mike Idzenga","Evan Krikorian","Nicholas De Martin",10,21
"on sts 2022","Intermediate 3.0","Pool","Goosebumpy","Will and Friend","Omar Ansari","Nik Mehta","Wilfrid Querobin","Alex Hana",21,17
"on sts 2022","Intermediate 3.0","Pool","Ball Busters","Dumb Aces","Joey Undzys","Andrea Lojowsky","Gavin De Moura","Wyatt De Moura",16,21
"on sts 2022","Intermediate 3.0","Pool","Hot and Spikey","The Milkmen","Alex Vetero","Kartik Pitale","Micah DuChene","Seth DuChene",21,6
"on sts 2022","Intermediate 3.0","Pool","Mommy and Daddy","Reverse Cut JEMS","Mike Peters","Cameron Ginter","Tracy Cartaxo","Ryan Evoy",9,21
"on sts 2022","Intermediate 3.0","Pool","KB24","Sleepy Fil","Ishraq Joarder","Rares M","Christopher De Martin","Matthew Krikorian",21,15
"on sts 2022","Intermediate 3.0","Pool","Northern Lights","Stars and Spikes","Noah Bolton","Tyler Mirco","Isabella Portt","Nick Vermette",21,11
"on sts 2022","Intermediate 3.0","Pool","Fun Guys","The Assassins","Steven Nguyen","Kenneth Alocilja","Ben Cylka","Jordan Martin",16,21
"on sts 2022","Intermediate 3.0","Pool","Sausages n Enchiladas ðŸ‘€","Safe Sets","Ricardo Boscan","Connor Fyffe-White","Ryan Smith","Gabriel Alvarez",21,19
"on sts 2022","Intermediate 3.0","Pool","Wide Open","Third Spikes a Charm","Seth Wassyng","Matthew Lai","Braedy Lee","Daniel Billingsley",21,19
"on sts 2022","Intermediate 3.0","Pool","WallyBall","P.E Class","Kenneth Cheung","Wallace Chan","Edgar Capule","Paul Buning",19,21
"on sts 2022","Intermediate 3.0","Pool","Demi kings","Fired Up","Evan McDonald","Josh Bolton","Brock Haynes","Tim DeCoste",21,17
"on sts 2022","Intermediate 3.0","Pool","Pocket Monsters","Block & Roll","Michael Iwaskewycz","Jakob Martin","Ing Xhu Lim","Youssef Elnaka",9,21
"on sts 2022","Intermediate 3.0","Pool","Spikological Warfare","Soppressata Smash Bros.","Thomas Wilson","Simon Granger","Alex Cianfagna","Mike Idzenga",21,9
"on sts 2022","Intermediate 3.0","Round of 32","Sleepy Fil","Mommy and Daddy","Christopher De Martin","Matthew Krikorian","Mike Peters","Cameron Ginter",15,11
"on sts 2022","Intermediate 3.0","Round of 32","Sleepy Fil","Mommy and Daddy","Christopher De Martin","Matthew Krikorian","Mike Peters","Cameron Ginter",15,2
"on sts 2022","Intermediate 3.0","Round of 32","Goosebumpy","Ball Busters","Omar Ansari","Nik Mehta","Joey Undzys","Andrea Lojowsky",15,8
"on sts 2022","Intermediate 3.0","Round of 32","Goosebumpy","Ball Busters","Omar Ansari","Nik Mehta","Joey Undzys","Andrea Lojowsky",15,3
"on sts 2022","Intermediate 3.0","Round of 32","The Assassins","Safe Sets","Ben Cylka","Jordan Martin","Ryan Smith","Gabriel Alvarez",15,5
"on sts 2022","Intermediate 3.0","Round of 32","The Assassins","Safe Sets","Ben Cylka","Jordan Martin","Ryan Smith","Gabriel Alvarez",15,5
"on sts 2022","Intermediate 3.0","Round of 32","WallyBall","Fired Up","Kenneth Cheung","Wallace Chan","Brock Haynes","Tim DeCoste",15,9
"on sts 2022","Intermediate 3.0","Round of 32","WallyBall","Fired Up","Kenneth Cheung","Wallace Chan","Brock Haynes","Tim DeCoste",15,2
"on sts 2022","Intermediate 3.0","Round of 32","Bleary Villagers","Pocket Monsters","Evan Krikorian","Nicholas De Martin","Michael Iwaskewycz","Jakob Martin",15,11
"on sts 2022","Intermediate 3.0","Round of 32","Bleary Villagers","Pocket Monsters","Evan Krikorian","Nicholas De Martin","Michael Iwaskewycz","Jakob Martin",15,7
"on sts 2022","Intermediate 3.0","Round of 32","P.E Class","Stars and Spikes","Edgar Capule","Paul Buning","Isabella Portt","Nick Vermette",15,9
"on sts 2022","Intermediate 3.0","Round of 32","P.E Class","Stars and Spikes","Edgar Capule","Paul Buning","Isabella Portt","Nick Vermette",15,11
"on sts 2022","Intermediate 3.0","Round of 32","Reverse Cut JEMS","Will and Friend","Tracy Cartaxo","Ryan Evoy","Wilfrid Querobin","Alex Hana",15,5
"on sts 2022","Intermediate 3.0","Round of 32","Reverse Cut JEMS","Will and Friend","Tracy Cartaxo","Ryan Evoy","Wilfrid Querobin","Alex Hana",15,8
"on sts 2022","Intermediate 3.0","Round of 32","Demi kings","Soppressata Smash Bros.","Evan McDonald","Josh Bolton","Alex Cianfagna","Mike Idzenga",15,10
"on sts 2022","Intermediate 3.0","Round of 32","Demi kings","Soppressata Smash Bros.","Evan McDonald","Josh Bolton","Alex Cianfagna","Mike Idzenga",15,11
"on sts 2022","Intermediate 3.0","Round of 32","Spikological Warfare","The Milkmen","Thomas Wilson","Simon Granger","Micah DuChene","Seth DuChene",14,16
"on sts 2022","Intermediate 3.0","Round of 32","Spikological Warfare","The Milkmen","Thomas Wilson","Simon Granger","Micah DuChene","Seth DuChene",15,13
"on sts 2022","Intermediate 3.0","Round of 32","Spikological Warfare","The Milkmen","Thomas Wilson","Simon Granger","Micah DuChene","Seth DuChene",15,11
"on sts 2022","Intermediate 3.0","Round of 32","Dumb Aces","Fun Guys","Gavin De Moura","Wyatt De Moura","Steven Nguyen","Kenneth Alocilja",16,14
"on sts 2022","Intermediate 3.0","Round of 32","Dumb Aces","Fun Guys","Gavin De Moura","Wyatt De Moura","Steven Nguyen","Kenneth Alocilja",11,15
"on sts 2022","Intermediate 3.0","Round of 32","Dumb Aces","Fun Guys","Gavin De Moura","Wyatt De Moura","Steven Nguyen","Kenneth Alocilja",15,12
"on sts 2022","Intermediate 3.0","Round of 32","BBQ Duck","Northern Lights","Stanley Yip","Kevin Li","Noah Bolton","Tyler Mirco",9,15
"on sts 2022","Intermediate 3.0","Round of 32","BBQ Duck","Northern Lights","Stanley Yip","Kevin Li","Noah Bolton","Tyler Mirco",22,24
"on sts 2022","Intermediate 3.0","Round of 32","Third Spikes a Charm","Sausages n Enchiladas ðŸ‘€","Braedy Lee","Daniel Billingsley","Ricardo Boscan","Connor Fyffe-White",15,12
"on sts 2022","Intermediate 3.0","Round of 32","Third Spikes a Charm","Sausages n Enchiladas ðŸ‘€","Braedy Lee","Daniel Billingsley","Ricardo Boscan","Connor Fyffe-White",15,13
"on sts 2022","Intermediate 3.0","Round of 16","Block & Roll","Third Spikes a Charm","Ing Xhu Lim","Youssef Elnaka","Braedy Lee","Daniel Billingsley",19,21
"on sts 2022","Intermediate 3.0","Round of 16","Block & Roll","Third Spikes a Charm","Ing Xhu Lim","Youssef Elnaka","Braedy Lee","Daniel Billingsley",13,21
"on sts 2022","Intermediate 3.0","Round of 16","KB24","Northern Lights","Ishraq Joarder","Rares M","Noah Bolton","Tyler Mirco",21,9
"on sts 2022","Intermediate 3.0","Round of 16","KB24","Northern Lights","Ishraq Joarder","Rares M","Noah Bolton","Tyler Mirco",21,18
"on sts 2022","Intermediate 3.0","Round of 16","Hot and Spikey","Dumb Aces","Alex Vetero","Kartik Pitale","Gavin De Moura","Wyatt De Moura",21,18
"on sts 2022","Intermediate 3.0","Round of 16","Hot and Spikey","Dumb Aces","Alex Vetero","Kartik Pitale","Gavin De Moura","Wyatt De Moura",21,16
"on sts 2022","Intermediate 3.0","Round of 16","Wide Open","Spikological Warfare","Seth Wassyng","Matthew Lai","Thomas Wilson","Simon Granger",21,11
"on sts 2022","Intermediate 3.0","Round of 16","Wide Open","Spikological Warfare","Seth Wassyng","Matthew Lai","Thomas Wilson","Simon Granger",21,8
"on sts 2022","Intermediate 3.0","Round of 16","Sleepy Fil","Demi kings","Christopher De Martin","Matthew Krikorian","Evan McDonald","Josh Bolton",21,9
"on sts 2022","Intermediate 3.0","Round of 16","Sleepy Fil","Demi kings","Christopher De Martin","Matthew Krikorian","Evan McDonald","Josh Bolton",21,8
"on sts 2022","Intermediate 3.0","Round of 16","Goosebumpy","Reverse Cut JEMS","Omar Ansari","Nik Mehta","Tracy Cartaxo","Ryan Evoy",14,21
"on sts 2022","Intermediate 3.0","Round of 16","Goosebumpy","Reverse Cut JEMS","Omar Ansari","Nik Mehta","Tracy Cartaxo","Ryan Evoy",13,21
"on sts 2022","Intermediate 3.0","Round of 16","The Assassins","P.E Class","Ben Cylka","Jordan Martin","Edgar Capule","Paul Buning",21,5
"on sts 2022","Intermediate 3.0","Round of 16","The Assassins","P.E Class","Ben Cylka","Jordan Martin","Edgar Capule","Paul Buning",21,17
"on sts 2022","Intermediate 3.0","Round of 16","WallyBall","Bleary Villagers","Kenneth Cheung","Wallace Chan","Evan Krikorian","Nicholas De Martin",21,17
"on sts 2022","Intermediate 3.0","Round of 16","WallyBall","Bleary Villagers","Kenneth Cheung","Wallace Chan","Evan Krikorian","Nicholas De Martin",21,18
"on sts 2022","Intermediate 3.0","P17: Round of 16","Soppressata Smash Bros.","Mommy and Daddy","Alex Cianfagna","Mike Idzenga","Mike Peters","Cameron Ginter",18,21
"on sts 2022","Intermediate 3.0","P17: Round of 16","Will and Friend","Ball Busters","Wilfrid Querobin","Alex Hana","Joey Undzys","Andrea Lojowsky",21,14
"on sts 2022","Intermediate 3.0","P17: Round of 16","Stars and Spikes","Safe Sets","Isabella Portt","Nick Vermette","Ryan Smith","Gabriel Alvarez",19,21
"on sts 2022","Intermediate 3.0","P17: Round of 16","Pocket Monsters","Fired Up","Michael Iwaskewycz","Jakob Martin","Brock Haynes","Tim DeCoste",14,21
"on sts 2022","Intermediate 3.0","Quarter-final","Third Spikes a Charm","WallyBall","Braedy Lee","Daniel Billingsley","Kenneth Cheung","Wallace Chan",18,21
"on sts 2022","Intermediate 3.0","Quarter-final","Third Spikes a Charm","WallyBall","Braedy Lee","Daniel Billingsley","Kenneth Cheung","Wallace Chan",26,28
"on sts 2022","Intermediate 3.0","Quarter-final","KB24","The Assassins","Ishraq Joarder","Rares M","Ben Cylka","Jordan Martin",22,20
"on sts 2022","Intermediate 3.0","Quarter-final","KB24","The Assassins","Ishraq Joarder","Rares M","Ben Cylka","Jordan Martin",18,21
"on sts 2022","Intermediate 3.0","Quarter-final","KB24","The Assassins","Ishraq Joarder","Rares M","Ben Cylka","Jordan Martin",21,17
"on sts 2022","Intermediate 3.0","Quarter-final","Hot and Spikey","Reverse Cut JEMS","Alex Vetero","Kartik Pitale","Tracy Cartaxo","Ryan Evoy",17,21
"on sts 2022","Intermediate 3.0","Quarter-final","Hot and Spikey","Reverse Cut JEMS","Alex Vetero","Kartik Pitale","Tracy Cartaxo","Ryan Evoy",21,11
"on sts 2022","Intermediate 3.0","Quarter-final","Hot and Spikey","Reverse Cut JEMS","Alex Vetero","Kartik Pitale","Tracy Cartaxo","Ryan Evoy",25,27
"on sts 2022","Intermediate 3.0","Quarter-final","Wide Open","Sleepy Fil","Seth Wassyng","Matthew Lai","Christopher De Martin","Matthew Krikorian",26,24
"on sts 2022","Intermediate 3.0","Quarter-final","Wide Open","Sleepy Fil","Seth Wassyng","Matthew Lai","Christopher De Martin","Matthew Krikorian",21,15
"on sts 2022","Intermediate 3.0","P9: Quarter-final","Bleary Villagers","Block & Roll","Evan Krikorian","Nicholas De Martin","Ing Xhu Lim","Youssef Elnaka",2,0
"on sts 2022","Intermediate 3.0","P9: Quarter-final","P.E Class","Northern Lights","Edgar Capule","Paul Buning","Noah Bolton","Tyler Mirco",21,5
"on sts 2022","Intermediate 3.0","P9: Quarter-final","Goosebumpy","Dumb Aces","Omar Ansari","Nik Mehta","Gavin De Moura","Wyatt De Moura",2,0
"on sts 2022","Intermediate 3.0","P9: Quarter-final","Demi kings","Spikological Warfare","Evan McDonald","Josh Bolton","Thomas Wilson","Simon Granger",0,21
"on sts 2022","Intermediate 3.0","P17: Quarter-final","Sausages n Enchiladas ðŸ‘€","Fired Up","Ricardo Boscan","Connor Fyffe-White","Brock Haynes","Tim DeCoste",20,21
"on sts 2022","Intermediate 3.0","P17: Quarter-final","BBQ Duck","Safe Sets","Stanley Yip","Kevin Li","Ryan Smith","Gabriel Alvarez",21,19
"on sts 2022","Intermediate 3.0","P17: Quarter-final","Fun Guys","Will and Friend","Steven Nguyen","Kenneth Alocilja","Wilfrid Querobin","Alex Hana",21,10
"on sts 2022","Intermediate 3.0","P17: Quarter-final","The Milkmen","Mommy and Daddy","Micah DuChene","Seth DuChene","Mike Peters","Cameron Ginter",19,21
"on sts 2022","Intermediate 3.0","Semi-final","WallyBall","Wide Open","Kenneth Cheung","Wallace Chan","Seth Wassyng","Matthew Lai",22,24
"on sts 2022","Intermediate 3.0","Semi-final","WallyBall","Wide Open","Kenneth Cheung","Wallace Chan","Seth Wassyng","Matthew Lai",17,21
"on sts 2022","Intermediate 3.0","Semi-final","KB24","Reverse Cut JEMS","Ishraq Joarder","Rares M","Tracy Cartaxo","Ryan Evoy",22,20
"on sts 2022","Intermediate 3.0","Semi-final","KB24","Reverse Cut JEMS","Ishraq Joarder","Rares M","Tracy Cartaxo","Ryan Evoy",21,13
"on sts 2022","Intermediate 3.0","P5: Semi-final","Sleepy Fil","Third Spikes a Charm","Christopher De Martin","Matthew Krikorian","Braedy Lee","Daniel Billingsley",21,17
"on sts 2022","Intermediate 3.0","P5: Semi-final","Hot and Spikey","The Assassins","Alex Vetero","Kartik Pitale","Ben Cylka","Jordan Martin",0,2
"on sts 2022","Intermediate 3.0","P9: Semi-final","Bleary Villagers","Spikological Warfare","Evan Krikorian","Nicholas De Martin","Thomas Wilson","Simon Granger",23,21
"on sts 2022","Intermediate 3.0","P9: Semi-final","P.E Class","Goosebumpy","Edgar Capule","Paul Buning","Omar Ansari","Nik Mehta",2,0
"on sts 2022","Intermediate 3.0","P17: Semi-final","Fired Up","Mommy and Daddy","Brock Haynes","Tim DeCoste","Mike Peters","Cameron Ginter",16,21
"on sts 2022","Intermediate 3.0","P17: Semi-final","BBQ Duck","Fun Guys","Stanley Yip","Kevin Li","Steven Nguyen","Kenneth Alocilja",16,21
"on sts 2022","Intermediate 3.0","P21: Semi-final","The Milkmen","Sausages n Enchiladas ðŸ‘€","Micah DuChene","Seth DuChene","Ricardo Boscan","Connor Fyffe-White",21,18
"on sts 2022","Intermediate 3.0","P21: Semi-final","Will and Friend","Safe Sets","Wilfrid Querobin","Alex Hana","Ryan Smith","Gabriel Alvarez",11,21
"on sts 2022","Intermediate 3.0","P25: Semi-final","Pocket Monsters","Soppressata Smash Bros.","Michael Iwaskewycz","Jakob Martin","Alex Cianfagna","Mike Idzenga",25,0
"on sts 2022","Intermediate 3.0","P25: Semi-final","Stars and Spikes","Ball Busters","Isabella Portt","Nick Vermette","Joey Undzys","Andrea Lojowsky",0,25
"on sts 2022","Intermediate 3.0","Final","Wide Open","KB24","Seth Wassyng","Matthew Lai","Ishraq Joarder","Rares M",21,18
"on sts 2022","Intermediate 3.0","Final","Wide Open","KB24","Seth Wassyng","Matthew Lai","Ishraq Joarder","Rares M",21,18
"on sts 2022","Intermediate 3.0","P3: Final","Reverse Cut JEMS","WallyBall","Tracy Cartaxo","Ryan Evoy","Kenneth Cheung","Wallace Chan",1,0
"on sts 2022","Intermediate 3.0","P5: Final","Sleepy Fil","The Assassins","Christopher De Martin","Matthew Krikorian","Ben Cylka","Jordan Martin",21,12
"on sts 2022","Intermediate 3.0","P7: Final","Hot and Spikey","Third Spikes a Charm","Alex Vetero","Kartik Pitale","Braedy Lee","Daniel Billingsley",0,2
"on sts 2022","Intermediate 3.0","P9: Final","Bleary Villagers","P.E Class","Evan Krikorian","Nicholas De Martin","Edgar Capule","Paul Buning",21,16
"on sts 2022","Intermediate 3.0","P11: Final","Goosebumpy","Spikological Warfare","Omar Ansari","Nik Mehta","Thomas Wilson","Simon Granger",0,21
"on sts 2022","Intermediate 3.0","P17: Final","Mommy and Daddy","Fun Guys","Mike Peters","Cameron Ginter","Steven Nguyen","Kenneth Alocilja",15,21
"on sts 2022","Intermediate 3.0","P21: Final","The Milkmen","Safe Sets","Micah DuChene","Seth DuChene","Ryan Smith","Gabriel Alvarez",21,13
"on sts 2022","Intermediate 3.0","P25: Final","Pocket Monsters","Ball Busters","Michael Iwaskewycz","Jakob Martin","Joey Undzys","Andrea Lojowsky",0,25
