Stage,Division,Group/Bracket,Round,Match format,Team A,Team B,Winning team,Game 1 - Score team A,Game 1 - Score team B,Game 2 - Score team A,Game 2 - Score team B,Game 3 - Score team A,Game 3 - Score team B,Team A - Player 1,Team A - Player 2,Team A - Player 3,Team A - Player 4,Team B - Player 1,Team B - Player 2,Team B - Player 3,Team B - Player 4
Pool Play,Intermediate Plus 2.0 - 3.5,Group A,1,Single game,Worm Early,Curry Cartel,Worm Early,15,1,,,,,Agnes Pang,Thai Do,,,Pablo Garcia,David Joseph,,
Pool Play,Intermediate Plus 2.0 - 3.5,Group A,1,Single game,Coochie Power,Wednesday Waffles,Coochie Power,15,13,,,,,Jacky Chen,Kristy Ip,,,Zameer Masjedee,Rayhan Memon,,
Pool Play,Intermediate Plus 2.0 - 3.5,Group A,1,Single game,Lowballers,Knitting Club,Lowballers,15,13,,,,,Nate Yandle,Aiden O'Leary,,,Pranav Acharya,Betty Yan,,
Pool Play,Intermediate Plus 2.0 - 3.5,Group B,1,Single game,Knuckle Dusters,Perfect Match,Knuckle Dusters,15,12,,,,,Caleb Poznikoff,Jacob Chen,,,Alex Chekina,Diana Pylypenko,,
Pool Play,Intermediate Plus 2.0 - 3.5,Group B,1,Single game,Two peas in a pot,Chris/Tam,Two peas in a pot,15,5,,,,,Kai O'Donnell,Jaian Nichols,,,Tam Albayaa,Chris Cruise,,
Pool Play,Intermediate Plus 2.0 - 3.5,Group B,1,Single game,Raspberry Sauce,Steak Frites,Steak Frites,13,15,,,,,Rachel Cheung,Stacy Yu,,,Tristan Lee,Samuel Lee,,
Pool Play,Intermediate Plus 2.0 - 3.5,Group C,1,Single game,The Nice Guys,Golden Eggplants,The Nice Guys,15,3,,,,,Ashaun Anand,Quentin Chiu,,,Eric Ko,Eric Ko,Brandon World,Brandon World
Pool Play,Intermediate Plus 2.0 - 3.5,Group C,1,Single game,Drop it like it's hot ðŸ”¥,AI Spike,Drop it like it's hot ðŸ”¥,15,9,,,,,Kristy Fielding,Dayton Mah,,,Isaac Puar,Asher Puar,,
Pool Play,Intermediate Plus 2.0 - 3.5,Group C,1,Single game,Bucket Hat Ballerz,Damaged Goods,Bucket Hat Ballerz,15,11,,,,,Kaiden Mccreedy,Adam Rodenstein,,,Taylor Bailey,Joshua Chan,,
Pool Play,Intermediate Plus 2.0 - 3.5,Group A,2,Single game,Worm Early,Wednesday Waffles,Worm Early,15,8,,,,,Agnes Pang,Thai Do,,,Zameer Masjedee,Rayhan Memon,,
Pool Play,Intermediate Plus 2.0 - 3.5,Group A,2,Single game,Coochie Power,Blue like a dinosaur,Coochie Power,15,12,,,,,Jacky Chen,Kristy Ip,,,Andrew Plummer,Paul Dante,,
Pool Play,Intermediate Plus 2.0 - 3.5,Group A,2,Single game,Knitting Club,Curry Cartel,Knitting Club,15,8,,,,,Pranav Acharya,Betty Yan,,,Pablo Garcia,David Joseph,,
Pool Play,Intermediate Plus 2.0 - 3.5,Group B,2,Single game,Knuckle Dusters,Chris/Tam,Knuckle Dusters,15,8,,,,,Caleb Poznikoff,Jacob Chen,,,Tam Albayaa,Chris Cruise,,
Pool Play,Intermediate Plus 2.0 - 3.5,Group B,2,Single game,Two peas in a pot,Guardians of the Galapagos,Two peas in a pot,15,4,,,,,Kai O'Donnell,Jaian Nichols,,,Darwin Marzo,Matt Noseworthy,,
Pool Play,Intermediate Plus 2.0 - 3.5,Group B,2,Single game,Steak Frites,Perfect Match,Steak Frites,15,4,,,,,Tristan Lee,Samuel Lee,,,Alex Chekina,Diana Pylypenko,,
Pool Play,Intermediate Plus 2.0 - 3.5,Group C,2,Single game,The Nice Guys,AI Spike,The Nice Guys,15,7,,,,,Ashaun Anand,Quentin Chiu,,,Isaac Puar,Asher Puar,,
Pool Play,Intermediate Plus 2.0 - 3.5,Group C,2,Single game,Drop it like it's hot ðŸ”¥,Marlon n Lacy,Drop it like it's hot ðŸ”¥,15,13,,,,,Kristy Fielding,Dayton Mah,,,Krish Khatri,Kaleb Lee,,
Pool Play,Intermediate Plus 2.0 - 3.5,Group C,2,Single game,Damaged Goods,Golden Eggplants,Damaged Goods,15,7,,,,,Taylor Bailey,Joshua Chan,,,Eric Ko,Eric Ko,Brandon World,Brandon World
Pool Play,Intermediate Plus 2.0 - 3.5,Group A,3,Single game,Worm Early,Knitting Club,Worm Early,15,7,,,,,Agnes Pang,Thai Do,,,Pranav Acharya,Betty Yan,,
Pool Play,Intermediate Plus 2.0 - 3.5,Group A,3,Single game,Coochie Power,Lowballers,Lowballers,8,15,,,,,Jacky Chen,Kristy Ip,,,Nate Yandle,Aiden O'Leary,,
Pool Play,Intermediate Plus 2.0 - 3.5,Group A,3,Single game,Blue like a dinosaur,Wednesday Waffles,Wednesday Waffles,10,15,,,,,Andrew Plummer,Paul Dante,,,Zameer Masjedee,Rayhan Memon,,
Pool Play,Intermediate Plus 2.0 - 3.5,Group B,3,Single game,Knuckle Dusters,Steak Frites,Knuckle Dusters,15,12,,,,,Caleb Poznikoff,Jacob Chen,,,Tristan Lee,Samuel Lee,,
Pool Play,Intermediate Plus 2.0 - 3.5,Group B,3,Single game,Two peas in a pot,Raspberry Sauce,Two peas in a pot,15,11,,,,,Kai O'Donnell,Jaian Nichols,,,Rachel Cheung,Stacy Yu,,
Pool Play,Intermediate Plus 2.0 - 3.5,Group B,3,Single game,Guardians of the Galapagos,Chris/Tam,Guardians of the Galapagos,15,11,,,,,Darwin Marzo,Matt Noseworthy,,,Tam Albayaa,Chris Cruise,,
Pool Play,Intermediate Plus 2.0 - 3.5,Group C,3,Single game,The Nice Guys,Damaged Goods,The Nice Guys,15,7,,,,,Ashaun Anand,Quentin Chiu,,,Taylor Bailey,Joshua Chan,,
Pool Play,Intermediate Plus 2.0 - 3.5,Group C,3,Single game,Drop it like it's hot ðŸ”¥,Bucket Hat Ballerz,Bucket Hat Ballerz,9,15,,,,,Kristy Fielding,Dayton Mah,,,Kaiden Mccreedy,Adam Rodenstein,,
Pool Play,Intermediate Plus 2.0 - 3.5,Group C,3,Single game,Marlon n Lacy,AI Spike,Marlon n Lacy,15,7,,,,,Krish Khatri,Kaleb Lee,,,Isaac Puar,Asher Puar,,
Pool Play,Intermediate Plus 2.0 - 3.5,Group A,4,Single game,Worm Early,Blue like a dinosaur,Worm Early,15,9,,,,,Agnes Pang,Thai Do,,,Andrew Plummer,Paul Dante,,
Pool Play,Intermediate Plus 2.0 - 3.5,Group A,4,Single game,Coochie Power,Curry Cartel,Coochie Power,15,0,,,,,Jacky Chen,Kristy Ip,,,Pablo Garcia,David Joseph,,
Pool Play,Intermediate Plus 2.0 - 3.5,Group A,4,Single game,Lowballers,Wednesday Waffles,Lowballers,15,6,,,,,Nate Yandle,Aiden O'Leary,,,Zameer Masjedee,Rayhan Memon,,
Pool Play,Intermediate Plus 2.0 - 3.5,Group B,4,Single game,Knuckle Dusters,Guardians of the Galapagos,Knuckle Dusters,16,14,,,,,Caleb Poznikoff,Jacob Chen,,,Darwin Marzo,Matt Noseworthy,,
Pool Play,Intermediate Plus 2.0 - 3.5,Group B,4,Single game,Two peas in a pot,Perfect Match,Two peas in a pot,15,8,,,,,Kai O'Donnell,Jaian Nichols,,,Alex Chekina,Diana Pylypenko,,
Pool Play,Intermediate Plus 2.0 - 3.5,Group B,4,Single game,Raspberry Sauce,Chris/Tam,Raspberry Sauce,15,6,,,,,Rachel Cheung,Stacy Yu,,,Tam Albayaa,Chris Cruise,,
Pool Play,Intermediate Plus 2.0 - 3.5,Group C,4,Single game,The Nice Guys,Marlon n Lacy,The Nice Guys,25,23,,,,,Ashaun Anand,Quentin Chiu,,,Krish Khatri,Kaleb Lee,,
Pool Play,Intermediate Plus 2.0 - 3.5,Group C,4,Single game,Drop it like it's hot ðŸ”¥,Golden Eggplants,Drop it like it's hot ðŸ”¥,15,8,,,,,Kristy Fielding,Dayton Mah,,,Eric Ko,Eric Ko,Brandon World,Brandon World
Pool Play,Intermediate Plus 2.0 - 3.5,Group C,4,Single game,Bucket Hat Ballerz,AI Spike,Bucket Hat Ballerz,15,11,,,,,Kaiden Mccreedy,Adam Rodenstein,,,Isaac Puar,Asher Puar,,
Pool Play,Intermediate Plus 2.0 - 3.5,Group A,5,Single game,Coochie Power,Knitting Club,Coochie Power,15,8,,,,,Jacky Chen,Kristy Ip,,,Pranav Acharya,Betty Yan,,
Pool Play,Intermediate Plus 2.0 - 3.5,Group A,5,Single game,Lowballers,Blue like a dinosaur,Lowballers,15,7,,,,,Nate Yandle,Aiden O'Leary,,,Andrew Plummer,Paul Dante,,
Pool Play,Intermediate Plus 2.0 - 3.5,Group A,5,Single game,Wednesday Waffles,Curry Cartel,Wednesday Waffles,15,1,,,,,Zameer Masjedee,Rayhan Memon,,,Pablo Garcia,David Joseph,,
Pool Play,Intermediate Plus 2.0 - 3.5,Group B,5,Single game,Two peas in a pot,Steak Frites,Steak Frites,11,15,,,,,Kai O'Donnell,Jaian Nichols,,,Tristan Lee,Samuel Lee,,
Pool Play,Intermediate Plus 2.0 - 3.5,Group B,5,Single game,Raspberry Sauce,Guardians of the Galapagos,Raspberry Sauce,15,6,,,,,Rachel Cheung,Stacy Yu,,,Darwin Marzo,Matt Noseworthy,,
Pool Play,Intermediate Plus 2.0 - 3.5,Group B,5,Single game,Chris/Tam,Perfect Match,Chris/Tam,17,15,,,,,Tam Albayaa,Chris Cruise,,,Alex Chekina,Diana Pylypenko,,
Pool Play,Intermediate Plus 2.0 - 3.5,Group C,5,Single game,Drop it like it's hot ðŸ”¥,Damaged Goods,Damaged Goods,13,15,,,,,Kristy Fielding,Dayton Mah,,,Taylor Bailey,Joshua Chan,,
Pool Play,Intermediate Plus 2.0 - 3.5,Group C,5,Single game,Bucket Hat Ballerz,Marlon n Lacy,Marlon n Lacy,12,15,,,,,Kaiden Mccreedy,Adam Rodenstein,,,Krish Khatri,Kaleb Lee,,
Pool Play,Intermediate Plus 2.0 - 3.5,Group C,5,Single game,AI Spike,Golden Eggplants,AI Spike,15,8,,,,,Isaac Puar,Asher Puar,,,Eric Ko,Eric Ko,Brandon World,Brandon World
Pool Play,Intermediate Plus 2.0 - 3.5,Group A,6,Single game,Worm Early,Lowballers,Worm Early,15,11,,,,,Agnes Pang,Thai Do,,,Nate Yandle,Aiden O'Leary,,
Pool Play,Intermediate Plus 2.0 - 3.5,Group A,6,Single game,Blue like a dinosaur,Curry Cartel,Blue like a dinosaur,15,5,,,,,Andrew Plummer,Paul Dante,,,Pablo Garcia,David Joseph,,
Pool Play,Intermediate Plus 2.0 - 3.5,Group A,6,Single game,Knitting Club,Wednesday Waffles,Knitting Club,15,13,,,,,Pranav Acharya,Betty Yan,,,Zameer Masjedee,Rayhan Memon,,
Pool Play,Intermediate Plus 2.0 - 3.5,Group B,6,Single game,Knuckle Dusters,Raspberry Sauce,Knuckle Dusters,15,12,,,,,Caleb Poznikoff,Jacob Chen,,,Rachel Cheung,Stacy Yu,,
Pool Play,Intermediate Plus 2.0 - 3.5,Group B,6,Single game,Guardians of the Galapagos,Perfect Match,Guardians of the Galapagos,16,14,,,,,Darwin Marzo,Matt Noseworthy,,,Alex Chekina,Diana Pylypenko,,
Pool Play,Intermediate Plus 2.0 - 3.5,Group B,6,Single game,Steak Frites,Chris/Tam,Steak Frites,15,9,,,,,Tristan Lee,Samuel Lee,,,Tam Albayaa,Chris Cruise,,
Pool Play,Intermediate Plus 2.0 - 3.5,Group C,6,Single game,The Nice Guys,Bucket Hat Ballerz,The Nice Guys,15,11,,,,,Ashaun Anand,Quentin Chiu,,,Kaiden Mccreedy,Adam Rodenstein,,
Pool Play,Intermediate Plus 2.0 - 3.5,Group C,6,Single game,Marlon n Lacy,Golden Eggplants,Marlon n Lacy,15,9,,,,,Krish Khatri,Kaleb Lee,,,Eric Ko,Eric Ko,Brandon World,Brandon World
Pool Play,Intermediate Plus 2.0 - 3.5,Group C,6,Single game,Damaged Goods,AI Spike,Damaged Goods,15,13,,,,,Taylor Bailey,Joshua Chan,,,Isaac Puar,Asher Puar,,
Pool Play,Intermediate Plus 2.0 - 3.5,Group A,7,Single game,Worm Early,Coochie Power,Worm Early,15,3,,,,,Agnes Pang,Thai Do,,,Jacky Chen,Kristy Ip,,
Pool Play,Intermediate Plus 2.0 - 3.5,Group A,7,Single game,Lowballers,Curry Cartel,Lowballers,15,6,,,,,Nate Yandle,Aiden O'Leary,,,Pablo Garcia,David Joseph,,
Pool Play,Intermediate Plus 2.0 - 3.5,Group A,7,Single game,Blue like a dinosaur,Knitting Club,Blue like a dinosaur,15,12,,,,,Andrew Plummer,Paul Dante,,,Pranav Acharya,Betty Yan,,
Pool Play,Intermediate Plus 2.0 - 3.5,Group B,7,Single game,Knuckle Dusters,Two peas in a pot,Knuckle Dusters,15,13,,,,,Caleb Poznikoff,Jacob Chen,,,Kai O'Donnell,Jaian Nichols,,
Pool Play,Intermediate Plus 2.0 - 3.5,Group B,7,Single game,Raspberry Sauce,Perfect Match,Raspberry Sauce,15,4,,,,,Rachel Cheung,Stacy Yu,,,Alex Chekina,Diana Pylypenko,,
Pool Play,Intermediate Plus 2.0 - 3.5,Group B,7,Single game,Guardians of the Galapagos,Steak Frites,Steak Frites,7,15,,,,,Darwin Marzo,Matt Noseworthy,,,Tristan Lee,Samuel Lee,,
Pool Play,Intermediate Plus 2.0 - 3.5,Group C,7,Single game,The Nice Guys,Drop it like it's hot ðŸ”¥,The Nice Guys,18,16,,,,,Ashaun Anand,Quentin Chiu,,,Kristy Fielding,Dayton Mah,,
Pool Play,Intermediate Plus 2.0 - 3.5,Group C,7,Single game,Bucket Hat Ballerz,Golden Eggplants,Bucket Hat Ballerz,15,8,,,,,Kaiden Mccreedy,Adam Rodenstein,,,Eric Ko,Eric Ko,Brandon World,Brandon World
Pool Play,Intermediate Plus 2.0 - 3.5,Group C,7,Single game,Marlon n Lacy,Damaged Goods,Marlon n Lacy,15,8,,,,,Krish Khatri,Kaleb Lee,,,Taylor Bailey,Joshua Chan,,
Bracket Stage,Intermediate Plus 2.0 - 3.5,Bracket A,Round of 16,Best of 3,Steak Frites,Damaged Goods,Steak Frites,23,25,21,11,21,14,Tristan Lee,Samuel Lee,,,Taylor Bailey,Joshua Chan,,
Bracket Stage,Intermediate Plus 2.0 - 3.5,Bracket A,Round of 16,Best of 3,Two peas in a pot,Drop it like it's hot ðŸ”¥,Two peas in a pot,21,7,21,16,,,Kai O'Donnell,Jaian Nichols,,,Kristy Fielding,Dayton Mah,,
Bracket Stage,Intermediate Plus 2.0 - 3.5,Bracket A,Round of 16,Best of 3,Marlon n Lacy,Raspberry Sauce,Marlon n Lacy,26,24,16,21,21,13,Krish Khatri,Kaleb Lee,,,Rachel Cheung,Stacy Yu,,
Bracket Stage,Intermediate Plus 2.0 - 3.5,Bracket A,Round of 16,Best of 3,Bucket Hat Ballerz,Coochie Power,Bucket Hat Ballerz,21,15,15,21,21,13,Kaiden Mccreedy,Adam Rodenstein,,,Jacky Chen,Kristy Ip,,
Bracket Stage,Intermediate Plus 2.0 - 3.5,Bracket A,Quarter-final,Best of 3,Worm Early,Bucket Hat Ballerz,Worm Early,21,11,21,18,,,Agnes Pang,Thai Do,,,Kaiden Mccreedy,Adam Rodenstein,,
Bracket Stage,Intermediate Plus 2.0 - 3.5,Bracket A,Quarter-final,Best of 3,The Nice Guys,Marlon n Lacy,The Nice Guys,21,17,21,18,,,Ashaun Anand,Quentin Chiu,,,Krish Khatri,Kaleb Lee,,
Bracket Stage,Intermediate Plus 2.0 - 3.5,Bracket A,Quarter-final,Best of 3,Knuckle Dusters,Two peas in a pot,Two peas in a pot,17,21,16,21,,,Caleb Poznikoff,Jacob Chen,,,Kai O'Donnell,Jaian Nichols,,
Bracket Stage,Intermediate Plus 2.0 - 3.5,Bracket A,Quarter-final,Best of 3,Lowballers,Steak Frites,Lowballers,20,22,21,9,21,14,Nate Yandle,Aiden O'Leary,,,Tristan Lee,Samuel Lee,,
Bracket Stage,Intermediate Plus 2.0 - 3.5,Bracket A,Semi-final,Best of 3,Worm Early,Lowballers,Lowballers,24,22,19,21,14,21,Agnes Pang,Thai Do,,,Nate Yandle,Aiden O'Leary,,
Bracket Stage,Intermediate Plus 2.0 - 3.5,Bracket A,Semi-final,Best of 3,The Nice Guys,Two peas in a pot,Two peas in a pot,17,21,20,22,,,Ashaun Anand,Quentin Chiu,,,Kai O'Donnell,Jaian Nichols,,
Bracket Stage,Intermediate Plus 2.0 - 3.5,Bracket A,P5: Semi-final,Best of 3,Steak Frites,Bucket Hat Ballerz,Bucket Hat Ballerz,18,21,21,23,,,Tristan Lee,Samuel Lee,,,Kaiden Mccreedy,Adam Rodenstein,,
Bracket Stage,Intermediate Plus 2.0 - 3.5,Bracket A,P5: Semi-final,Best of 3,Knuckle Dusters,Marlon n Lacy,Marlon n Lacy,21,18,12,21,18,21,Caleb Poznikoff,Jacob Chen,,,Krish Khatri,Kaleb Lee,,
Bracket Stage,Intermediate Plus 2.0 - 3.5,Bracket A,P9: Semi-final,Best of 3,Coochie Power,Damaged Goods,Damaged Goods,21,15,19,21,20,22,Jacky Chen,Kristy Ip,,,Taylor Bailey,Joshua Chan,,
Bracket Stage,Intermediate Plus 2.0 - 3.5,Bracket A,P9: Semi-final,Best of 3,Raspberry Sauce,Drop it like it's hot ðŸ”¥,Raspberry Sauce,15,21,21,15,21,18,Rachel Cheung,Stacy Yu,,,Kristy Fielding,Dayton Mah,,
Bracket Stage,Intermediate Plus 2.0 - 3.5,Bracket A,Final,Best of 3,Lowballers,Two peas in a pot,Two peas in a pot,17,21,14,21,,,Nate Yandle,Aiden O'Leary,,,Kai O'Donnell,Jaian Nichols,,
Bracket Stage,Intermediate Plus 2.0 - 3.5,Bracket A,P3: Final,Best of 3,The Nice Guys,Worm Early,The Nice Guys,19,21,21,16,21,17,Ashaun Anand,Quentin Chiu,,,Agnes Pang,Thai Do,,
Bracket Stage,Intermediate Plus 2.0 - 3.5,Bracket A,P5: Final,Best of 3,Bucket Hat Ballerz,Marlon n Lacy,,14,21,0,0,0,0,Kaiden Mccreedy,Adam Rodenstein,,,Krish Khatri,Kaleb Lee,,
Bracket Stage,Intermediate Plus 2.0 - 3.5,Bracket A,P7: Final,Best of 3,Knuckle Dusters,Steak Frites,Knuckle Dusters,21,18,18,21,21,19,Caleb Poznikoff,Jacob Chen,,,Tristan Lee,Samuel Lee,,
Bracket Stage,Intermediate Plus 2.0 - 3.5,Bracket A,P9: Final,Best of 3,Damaged Goods,Raspberry Sauce,Raspberry Sauce,18,21,16,21,,,Taylor Bailey,Joshua Chan,,,Rachel Cheung,Stacy Yu,,
Bracket Stage,Intermediate Plus 2.0 - 3.5,Bracket B,Round of 16,Best of 3,Golden Eggplants,Curry Cartel,Golden Eggplants,1,0,1,0,,,Eric Ko,Eric Ko,Brandon World,Brandon World,Pablo Garcia,David Joseph,,
Bracket Stage,Intermediate Plus 2.0 - 3.5,Bracket B,Quarter-final,Best of 3,Wednesday Waffles,Golden Eggplants,Wednesday Waffles,21,13,21,10,,,Zameer Masjedee,Rayhan Memon,,,Eric Ko,Eric Ko,Brandon World,Brandon World
Bracket Stage,Intermediate Plus 2.0 - 3.5,Bracket B,Quarter-final,Best of 3,Blue like a dinosaur,Perfect Match,Blue like a dinosaur,21,13,21,12,,,Andrew Plummer,Paul Dante,,,Alex Chekina,Diana Pylypenko,,
Bracket Stage,Intermediate Plus 2.0 - 3.5,Bracket B,Quarter-final,Best of 3,Knitting Club,Chris/Tam,Knitting Club,21,15,21,17,,,Pranav Acharya,Betty Yan,,,Tam Albayaa,Chris Cruise,,
Bracket Stage,Intermediate Plus 2.0 - 3.5,Bracket B,Quarter-final,Best of 3,Guardians of the Galapagos,AI Spike,Guardians of the Galapagos,15,21,23,21,24,22,Darwin Marzo,Matt Noseworthy,,,Isaac Puar,Asher Puar,,
Bracket Stage,Intermediate Plus 2.0 - 3.5,Bracket B,Semi-final,Best of 3,Wednesday Waffles,Guardians of the Galapagos,Wednesday Waffles,21,17,21,16,,,Zameer Masjedee,Rayhan Memon,,,Darwin Marzo,Matt Noseworthy,,
Bracket Stage,Intermediate Plus 2.0 - 3.5,Bracket B,Semi-final,Best of 3,Blue like a dinosaur,Knitting Club,Blue like a dinosaur,21,12,19,21,23,21,Andrew Plummer,Paul Dante,,,Pranav Acharya,Betty Yan,,
Bracket Stage,Intermediate Plus 2.0 - 3.5,Bracket B,P5: Semi-final,Best of 3,Chris/Tam,Perfect Match,Chris/Tam,21,16,21,17,,,Tam Albayaa,Chris Cruise,,,Alex Chekina,Diana Pylypenko,,
Bracket Stage,Intermediate Plus 2.0 - 3.5,Bracket B,Final,Best of 3,Wednesday Waffles,Blue like a dinosaur,Blue like a dinosaur,13,21,21,17,20,22,Zameer Masjedee,Rayhan Memon,,,Andrew Plummer,Paul Dante,,
Bracket Stage,Intermediate Plus 2.0 - 3.5,Bracket B,P3: Final,Best of 3,Knitting Club,Guardians of the Galapagos,Knitting Club,21,19,21,19,,,Pranav Acharya,Betty Yan,,,Darwin Marzo,Matt Noseworthy,,
Pool Play,Contender/Premier 4.0 - 5.0,Group A,1,Single game,spot on,Poker Boys,spot on,21,7,,,,,Will Ries,Nick Wideman,,,Trevor Flanigan,Daniel Raw,,
Pool Play,Contender/Premier 4.0 - 5.0,Group A,1,Single game,Sweaty Spike,Gnarfunkel,Sweaty Spike,21,10,,,,,Alec Cumming,Jason Fevang,,,Joshua Grant,Reid Skelding,,
Pool Play,Contender/Premier 4.0 - 5.0,Group A,1,Single game,LDS and LSD,Defensive Dawgs,Defensive Dawgs,18,21,,,,,Ekko Weaver,Dallin James,,,Max Nice,Kavan Dharia,,
Pool Play,Contender/Premier 4.0 - 5.0,Group B,1,Single game,Anti Serveball Serveball Club,Pocket League,Anti Serveball Serveball Club,21,13,,,,,Segeon Jang,Mattias Cipriano,,,Winston Brandt,Ethan Geerlof,,
Pool Play,Contender/Premier 4.0 - 5.0,Group B,1,Single game,Pickleballers,Sponsored by Kavan,Pickleballers,21,13,,,,,lucas peng,Justin Cho,,,Daniel Chudin,Andrew Samson,,
Pool Play,Contender/Premier 4.0 - 5.0,Group B,1,Single game,Fortified,70%,70%,24,25,,,,,Carlos Nakamura,Blake Clarke,,,Jeffrey Cheng,Mo ElMoursi,,
Pool Play,Contender/Premier 4.0 - 5.0,Group A,2,Single game,spot on,Gnarfunkel,spot on,21,7,,,,,Will Ries,Nick Wideman,,,Joshua Grant,Reid Skelding,,
Pool Play,Contender/Premier 4.0 - 5.0,Group A,2,Single game,Sweaty Spike,LDS and LSD,Sweaty Spike,22,20,,,,,Alec Cumming,Jason Fevang,,,Ekko Weaver,Dallin James,,
Pool Play,Contender/Premier 4.0 - 5.0,Group A,2,Single game,Defensive Dawgs,Poker Boys,Defensive Dawgs,21,7,,,,,Max Nice,Kavan Dharia,,,Trevor Flanigan,Daniel Raw,,
Pool Play,Contender/Premier 4.0 - 5.0,Group B,2,Single game,Anti Serveball Serveball Club,Sponsored by Kavan,Anti Serveball Serveball Club,21,9,,,,,Segeon Jang,Mattias Cipriano,,,Daniel Chudin,Andrew Samson,,
Pool Play,Contender/Premier 4.0 - 5.0,Group B,2,Single game,Pickleballers,Fortified,Pickleballers,21,12,,,,,lucas peng,Justin Cho,,,Carlos Nakamura,Blake Clarke,,
Pool Play,Contender/Premier 4.0 - 5.0,Group B,2,Single game,70%,Pocket League,70%,21,8,,,,,Jeffrey Cheng,Mo ElMoursi,,,Winston Brandt,Ethan Geerlof,,
Pool Play,Contender/Premier 4.0 - 5.0,Group A,3,Single game,spot on,Defensive Dawgs,spot on,21,17,,,,,Will Ries,Nick Wideman,,,Max Nice,Kavan Dharia,,
Pool Play,Contender/Premier 4.0 - 5.0,Group A,3,Single game,Sweaty Spike,Poker Boys,Sweaty Spike,21,10,,,,,Alec Cumming,Jason Fevang,,,Trevor Flanigan,Daniel Raw,,
Pool Play,Contender/Premier 4.0 - 5.0,Group A,3,Single game,LDS and LSD,Gnarfunkel,Gnarfunkel,18,21,,,,,Ekko Weaver,Dallin James,,,Joshua Grant,Reid Skelding,,
Pool Play,Contender/Premier 4.0 - 5.0,Group B,3,Single game,Anti Serveball Serveball Club,70%,Anti Serveball Serveball Club,22,20,,,,,Segeon Jang,Mattias Cipriano,,,Jeffrey Cheng,Mo ElMoursi,,
Pool Play,Contender/Premier 4.0 - 5.0,Group B,3,Single game,Pickleballers,Pocket League,Pickleballers,21,7,,,,,lucas peng,Justin Cho,,,Winston Brandt,Ethan Geerlof,,
Pool Play,Contender/Premier 4.0 - 5.0,Group B,3,Single game,Fortified,Sponsored by Kavan,Fortified,21,13,,,,,Carlos Nakamura,Blake Clarke,,,Daniel Chudin,Andrew Samson,,
Pool Play,Contender/Premier 4.0 - 5.0,Group A,4,Single game,spot on,LDS and LSD,spot on,21,11,,,,,Will Ries,Nick Wideman,,,Ekko Weaver,Dallin James,,
Pool Play,Contender/Premier 4.0 - 5.0,Group A,4,Single game,Sweaty Spike,Defensive Dawgs,Defensive Dawgs,16,21,,,,,Alec Cumming,Jason Fevang,,,Max Nice,Kavan Dharia,,
Pool Play,Contender/Premier 4.0 - 5.0,Group A,4,Single game,Gnarfunkel,Poker Boys,Gnarfunkel,21,14,,,,,Joshua Grant,Reid Skelding,,,Trevor Flanigan,Daniel Raw,,
Pool Play,Contender/Premier 4.0 - 5.0,Group B,4,Single game,Anti Serveball Serveball Club,Fortified,Anti Serveball Serveball Club,21,19,,,,,Segeon Jang,Mattias Cipriano,,,Carlos Nakamura,Blake Clarke,,
Pool Play,Contender/Premier 4.0 - 5.0,Group B,4,Single game,Pickleballers,70%,Pickleballers,21,16,,,,,lucas peng,Justin Cho,,,Jeffrey Cheng,Mo ElMoursi,,
Pool Play,Contender/Premier 4.0 - 5.0,Group B,4,Single game,Sponsored by Kavan,Pocket League,Sponsored by Kavan,21,18,,,,,Daniel Chudin,Andrew Samson,,,Winston Brandt,Ethan Geerlof,,
Pool Play,Contender/Premier 4.0 - 5.0,Group A,5,Single game,spot on,Sweaty Spike,spot on,21,14,,,,,Will Ries,Nick Wideman,,,Alec Cumming,Jason Fevang,,
Pool Play,Contender/Premier 4.0 - 5.0,Group A,5,Single game,LDS and LSD,Poker Boys,LDS and LSD,21,18,,,,,Ekko Weaver,Dallin James,,,Trevor Flanigan,Daniel Raw,,
Pool Play,Contender/Premier 4.0 - 5.0,Group A,5,Single game,Defensive Dawgs,Gnarfunkel,Defensive Dawgs,21,16,,,,,Max Nice,Kavan Dharia,,,Joshua Grant,Reid Skelding,,
Pool Play,Contender/Premier 4.0 - 5.0,Group B,5,Single game,Anti Serveball Serveball Club,Pickleballers,Pickleballers,17,21,,,,,Segeon Jang,Mattias Cipriano,,,lucas peng,Justin Cho,,
Pool Play,Contender/Premier 4.0 - 5.0,Group B,5,Single game,Fortified,Pocket League,Fortified,21,10,,,,,Carlos Nakamura,Blake Clarke,,,Winston Brandt,Ethan Geerlof,,
Pool Play,Contender/Premier 4.0 - 5.0,Group B,5,Single game,70%,Sponsored by Kavan,70%,21,16,,,,,Jeffrey Cheng,Mo ElMoursi,,,Daniel Chudin,Andrew Samson,,
Bracket Stage,Contender/Premier 4.0 - 5.0,Bracket A,Round of 16,Best of 3,Fortified,Poker Boys,Fortified,21,11,21,13,,,Carlos Nakamura,Blake Clarke,,,Trevor Flanigan,Daniel Raw,,
Bracket Stage,Contender/Premier 4.0 - 5.0,Bracket A,Round of 16,Best of 3,Gnarfunkel,Pocket League,Gnarfunkel,21,4,21,11,,,Joshua Grant,Reid Skelding,,,Winston Brandt,Ethan Geerlof,,
Bracket Stage,Contender/Premier 4.0 - 5.0,Bracket A,Round of 16,Best of 3,LDS and LSD,Sponsored by Kavan,LDS and LSD,21,18,16,21,21,13,Ekko Weaver,Dallin James,,,Daniel Chudin,Andrew Samson,,
Bracket Stage,Contender/Premier 4.0 - 5.0,Bracket A,Quarter-final,Best of 3,spot on,LDS and LSD,spot on,21,18,16,21,21,14,Will Ries,Nick Wideman,,,Ekko Weaver,Dallin James,,
Bracket Stage,Contender/Premier 4.0 - 5.0,Bracket A,Quarter-final,Best of 3,Defensive Dawgs,Gnarfunkel,Defensive Dawgs,21,17,21,17,,,Max Nice,Kavan Dharia,,,Joshua Grant,Reid Skelding,,
Bracket Stage,Contender/Premier 4.0 - 5.0,Bracket A,Quarter-final,Best of 3,Anti Serveball Serveball Club,Fortified,Anti Serveball Serveball Club,19,21,21,18,21,18,Segeon Jang,Mattias Cipriano,,,Carlos Nakamura,Blake Clarke,,
Bracket Stage,Contender/Premier 4.0 - 5.0,Bracket A,Quarter-final,Best of 3,Sweaty Spike,70%,70%,15,21,16,21,,,Alec Cumming,Jason Fevang,,,Jeffrey Cheng,Mo ElMoursi,,
Bracket Stage,Contender/Premier 4.0 - 5.0,Bracket A,Semi-final,Best of 3,spot on,70%,spot on,21,15,21,16,,,Will Ries,Nick Wideman,,,Jeffrey Cheng,Mo ElMoursi,,
Bracket Stage,Contender/Premier 4.0 - 5.0,Bracket A,Semi-final,Best of 3,Defensive Dawgs,Anti Serveball Serveball Club,Anti Serveball Serveball Club,16,21,22,24,,,Max Nice,Kavan Dharia,,,Segeon Jang,Mattias Cipriano,,
Bracket Stage,Contender/Premier 4.0 - 5.0,Bracket A,P5: Semi-final,Best of 3,Fortified,Gnarfunkel,,22,20,0,0,0,0,Carlos Nakamura,Blake Clarke,,,Joshua Grant,Reid Skelding,,
Bracket Stage,Contender/Premier 4.0 - 5.0,Bracket A,Final,Best of 3,spot on,Anti Serveball Serveball Club,spot on,21,9,21,14,,,Will Ries,Nick Wideman,,,Segeon Jang,Mattias Cipriano,,
Bracket Stage,Contender/Premier 4.0 - 5.0,Bracket A,P3: Final,Best of 3,Defensive Dawgs,70%,Defensive Dawgs,21,19,22,20,,,Max Nice,Kavan Dharia,,,Jeffrey Cheng,Mo ElMoursi,,
Bracket Stage,Contender/Premier 4.0 - 5.0,Bracket A,Round of 16,Best of 3,Gnarfunkel,Poker Boys,Gnarfunkel,21,9,21,11,,,Joshua Grant,Reid Skelding,,,Trevor Flanigan,Daniel Raw,,