Stage,Division,Group/Bracket,Round,Match format,Team A,Team B,Winning team,Game 1 - Score team A,Game 1 - Score team B,Game 2 - Score team A,Game 2 - Score team B,Game 3 - Score team A,Game 3 - Score team B,Game 4 - Score team A,Game 4 - Score team B,Game 5 - Score team A,Game 5 - Score team B,Team A - Player 1,Team A - Player 2,Team A - Player 3,Team A - Player 4,Team B - Player 1,Team B - Player 2,Team B - Player 3,Team B - Player 4
Group Stage,Open Pro 5.0+,Group A,1,Single game,Numb,Bang Bros Inc.,Numb,15,9,,,,,,,,,Paq Clifford,Kieran Rose,,,Kyle Fowler,Adam Porter,,
Group Stage,Open Pro 5.0+,Group A,1,Single game,foolish,On the Nose,On the Nose,11,15,,,,,,,,,Sunny Gu,Lucas Pruett,,,Justin Barr,Dan Abrams,,
Group Stage,Open Pro 5.0+,Group B,1,Single game,Kingdom Come,Incognito,Kingdom Come,15,6,,,,,,,,,Grant Klapwijk,Matthew Cole,,,Joseph Kaylor,Michael Du,,
Group Stage,Open Pro 5.0+,Group B,1,Single game,Extra,Degenerates,Extra,15,10,,,,,,,,,Emerson Dean,J√© Gagnon,,,Thomas Hoffman,Jack coolbaugh,,
Group Stage,Open Pro 5.0+,Group C,1,Single game,J.A.R.V.I.S.,minus aura,J.A.R.V.I.S.,15,8,,,,,,,,,Josh Fragiacomo,Connor Nelson,,,Nathan Robertt,Josh Hutko,,
Group Stage,Open Pro 5.0+,Group C,1,Single game,Double Clutch,hotballers,Double Clutch,15,8,,,,,,,,,Rahul Murthy,fredric hinkle,,,Tyler Babin,Joshua Hachey,,
Group Stage,Open Pro 5.0+,Group D,1,Single game,V‚ö°Ô∏èRGA,Shaytar/Wideman,V‚ö°Ô∏èRGA,15,12,,,,,,,,,Caleb Cummings,Dawson Morgan,,,Justin Shaytar,Nick Wideman,,
Group Stage,Open Pro 5.0+,Group D,1,Single game,Bot House,FTR Frontier,Bot House,17,15,,,,,,,,,West Peterson,Owen Lippman,,,Jake Woolley,Kyan Kornfeld,,
Group Stage,Open Pro 5.0+,Group A,2,Single game,Numb,On the Nose,Numb,15,9,,,,,,,,,Paq Clifford,Kieran Rose,,,Justin Barr,Dan Abrams,,
Group Stage,Open Pro 5.0+,Group A,2,Single game,foolish,Bang Bros Inc.,Bang Bros Inc.,14,16,,,,,,,,,Sunny Gu,Lucas Pruett,,,Kyle Fowler,Adam Porter,,
Group Stage,Open Pro 5.0+,Group B,2,Single game,Kingdom Come,Degenerates,Kingdom Come,15,8,,,,,,,,,Grant Klapwijk,Matthew Cole,,,Thomas Hoffman,Jack coolbaugh,,
Group Stage,Open Pro 5.0+,Group B,2,Single game,Extra,Incognito,Extra,15,6,,,,,,,,,Emerson Dean,J√© Gagnon,,,Joseph Kaylor,Michael Du,,
Group Stage,Open Pro 5.0+,Group C,2,Single game,J.A.R.V.I.S.,hotballers,J.A.R.V.I.S.,15,11,,,,,,,,,Josh Fragiacomo,Connor Nelson,,,Tyler Babin,Joshua Hachey,,
Group Stage,Open Pro 5.0+,Group C,2,Single game,Double Clutch,minus aura,Double Clutch,15,9,,,,,,,,,Rahul Murthy,fredric hinkle,,,Nathan Robertt,Josh Hutko,,
Group Stage,Open Pro 5.0+,Group D,2,Single game,V‚ö°Ô∏èRGA,FTR Frontier,V‚ö°Ô∏èRGA,15,11,,,,,,,,,Caleb Cummings,Dawson Morgan,,,Jake Woolley,Kyan Kornfeld,,
Group Stage,Open Pro 5.0+,Group D,2,Single game,Bot House,Shaytar/Wideman,Shaytar/Wideman,13,15,,,,,,,,,West Peterson,Owen Lippman,,,Justin Shaytar,Nick Wideman,,
Group Stage,Open Pro 5.0+,Group A,3,Single game,Numb,foolish,Numb,15,12,,,,,,,,,Paq Clifford,Kieran Rose,,,Sunny Gu,Lucas Pruett,,
Group Stage,Open Pro 5.0+,Group A,3,Single game,On the Nose,Bang Bros Inc.,On the Nose,16,14,,,,,,,,,Justin Barr,Dan Abrams,,,Kyle Fowler,Adam Porter,,
Group Stage,Open Pro 5.0+,Group B,3,Single game,Kingdom Come,Extra,Kingdom Come,17,15,,,,,,,,,Grant Klapwijk,Matthew Cole,,,Emerson Dean,J√© Gagnon,,
Group Stage,Open Pro 5.0+,Group B,3,Single game,Degenerates,Incognito,Incognito,6,15,,,,,,,,,Thomas Hoffman,Jack coolbaugh,,,Joseph Kaylor,Michael Du,,
Group Stage,Open Pro 5.0+,Group C,3,Single game,J.A.R.V.I.S.,Double Clutch,J.A.R.V.I.S.,15,9,,,,,,,,,Josh Fragiacomo,Connor Nelson,,,Rahul Murthy,fredric hinkle,,
Group Stage,Open Pro 5.0+,Group C,3,Single game,hotballers,minus aura,hotballers,15,13,,,,,,,,,Tyler Babin,Joshua Hachey,,,Nathan Robertt,Josh Hutko,,
Group Stage,Open Pro 5.0+,Group D,3,Single game,V‚ö°Ô∏èRGA,Bot House,V‚ö°Ô∏èRGA,15,11,,,,,,,,,Caleb Cummings,Dawson Morgan,,,West Peterson,Owen Lippman,,
Group Stage,Open Pro 5.0+,Group D,3,Single game,FTR Frontier,Shaytar/Wideman,FTR Frontier,15,13,,,,,,,,,Jake Woolley,Kyan Kornfeld,,,Justin Shaytar,Nick Wideman,,
Group Stage,Open Pro 5.0+,Group A,4,Single game,Numb,Bang Bros Inc.,Numb,15,12,,,,,,,,,Paq Clifford,Kieran Rose,,,Kyle Fowler,Adam Porter,,
Group Stage,Open Pro 5.0+,Group A,4,Single game,foolish,On the Nose,foolish,15,12,,,,,,,,,Sunny Gu,Lucas Pruett,,,Justin Barr,Dan Abrams,,
Group Stage,Open Pro 5.0+,Group B,4,Single game,Kingdom Come,Incognito,Kingdom Come,15,5,,,,,,,,,Grant Klapwijk,Matthew Cole,,,Joseph Kaylor,Michael Du,,
Group Stage,Open Pro 5.0+,Group B,4,Single game,Extra,Degenerates,Extra,15,11,,,,,,,,,Emerson Dean,J√© Gagnon,,,Thomas Hoffman,Jack coolbaugh,,
Group Stage,Open Pro 5.0+,Group C,4,Single game,J.A.R.V.I.S.,minus aura,J.A.R.V.I.S.,15,13,,,,,,,,,Josh Fragiacomo,Connor Nelson,,,Nathan Robertt,Josh Hutko,,
Group Stage,Open Pro 5.0+,Group C,4,Single game,Double Clutch,hotballers,Double Clutch,15,9,,,,,,,,,Rahul Murthy,fredric hinkle,,,Tyler Babin,Joshua Hachey,,
Group Stage,Open Pro 5.0+,Group D,4,Single game,V‚ö°Ô∏èRGA,Shaytar/Wideman,V‚ö°Ô∏èRGA,15,9,,,,,,,,,Caleb Cummings,Dawson Morgan,,,Justin Shaytar,Nick Wideman,,
Group Stage,Open Pro 5.0+,Group D,4,Single game,Bot House,FTR Frontier,FTR Frontier,12,15,,,,,,,,,West Peterson,Owen Lippman,,,Jake Woolley,Kyan Kornfeld,,
Group Stage,Open Pro 5.0+,Group A,5,Single game,Numb,On the Nose,On the Nose,14,16,,,,,,,,,Paq Clifford,Kieran Rose,,,Justin Barr,Dan Abrams,,
Group Stage,Open Pro 5.0+,Group A,5,Single game,foolish,Bang Bros Inc.,Bang Bros Inc.,13,15,,,,,,,,,Sunny Gu,Lucas Pruett,,,Kyle Fowler,Adam Porter,,
Group Stage,Open Pro 5.0+,Group B,5,Single game,Kingdom Come,Degenerates,Degenerates,16,18,,,,,,,,,Grant Klapwijk,Matthew Cole,,,Thomas Hoffman,Jack coolbaugh,,
Group Stage,Open Pro 5.0+,Group B,5,Single game,Extra,Incognito,Extra,15,8,,,,,,,,,Emerson Dean,J√© Gagnon,,,Joseph Kaylor,Michael Du,,
Group Stage,Open Pro 5.0+,Group C,5,Single game,J.A.R.V.I.S.,hotballers,J.A.R.V.I.S.,15,9,,,,,,,,,Josh Fragiacomo,Connor Nelson,,,Tyler Babin,Joshua Hachey,,
Group Stage,Open Pro 5.0+,Group C,5,Single game,Double Clutch,minus aura,Double Clutch,20,18,,,,,,,,,Rahul Murthy,fredric hinkle,,,Nathan Robertt,Josh Hutko,,
Group Stage,Open Pro 5.0+,Group D,5,Single game,V‚ö°Ô∏èRGA,FTR Frontier,V‚ö°Ô∏èRGA,15,9,,,,,,,,,Caleb Cummings,Dawson Morgan,,,Jake Woolley,Kyan Kornfeld,,
Group Stage,Open Pro 5.0+,Group D,5,Single game,Bot House,Shaytar/Wideman,Bot House,17,15,,,,,,,,,West Peterson,Owen Lippman,,,Justin Shaytar,Nick Wideman,,
Group Stage,Open Pro 5.0+,Group A,6,Single game,Numb,foolish,Numb,15,12,,,,,,,,,Paq Clifford,Kieran Rose,,,Sunny Gu,Lucas Pruett,,
Group Stage,Open Pro 5.0+,Group A,6,Single game,On the Nose,Bang Bros Inc.,On the Nose,15,12,,,,,,,,,Justin Barr,Dan Abrams,,,Kyle Fowler,Adam Porter,,
Group Stage,Open Pro 5.0+,Group B,6,Single game,Kingdom Come,Extra,Kingdom Come,15,13,,,,,,,,,Grant Klapwijk,Matthew Cole,,,Emerson Dean,J√© Gagnon,,
Group Stage,Open Pro 5.0+,Group B,6,Single game,Degenerates,Incognito,Incognito,7,15,,,,,,,,,Thomas Hoffman,Jack coolbaugh,,,Joseph Kaylor,Michael Du,,
Group Stage,Open Pro 5.0+,Group C,6,Single game,J.A.R.V.I.S.,Double Clutch,J.A.R.V.I.S.,15,8,,,,,,,,,Josh Fragiacomo,Connor Nelson,,,Rahul Murthy,fredric hinkle,,
Group Stage,Open Pro 5.0+,Group C,6,Single game,hotballers,minus aura,minus aura,12,15,,,,,,,,,Tyler Babin,Joshua Hachey,,,Nathan Robertt,Josh Hutko,,
Group Stage,Open Pro 5.0+,Group D,6,Single game,V‚ö°Ô∏èRGA,Bot House,Bot House,10,15,,,,,,,,,Caleb Cummings,Dawson Morgan,,,West Peterson,Owen Lippman,,
Group Stage,Open Pro 5.0+,Group D,6,Single game,FTR Frontier,Shaytar/Wideman,Shaytar/Wideman,13,15,,,,,,,,,Jake Woolley,Kyan Kornfeld,,,Justin Shaytar,Nick Wideman,,
Bracket Stage,Open Pro 5.0+,Bracket A,Round of 16,Best of 3,J.A.R.V.I.S.,Degenerates,J.A.R.V.I.S.,21,10,14,21,21,11,,,,,Josh Fragiacomo,Connor Nelson,,,Thomas Hoffman,Jack coolbaugh,,
Bracket Stage,Open Pro 5.0+,Bracket A,Round of 16,Best of 3,Kingdom Come,hotballers,Kingdom Come,21,12,21,17,,,,,,,Grant Klapwijk,Matthew Cole,,,Tyler Babin,Joshua Hachey,,
Bracket Stage,Open Pro 5.0+,Bracket A,Round of 16,Best of 3,Numb,minus aura,Numb,21,12,21,16,,,,,,,Paq Clifford,Kieran Rose,,,Nathan Robertt,Josh Hutko,,
Bracket Stage,Open Pro 5.0+,Bracket A,Round of 16,Best of 3,V‚ö°Ô∏èRGA,foolish,V‚ö°Ô∏èRGA,25,23,21,15,,,,,,,Caleb Cummings,Dawson Morgan,,,Sunny Gu,Lucas Pruett,,
Bracket Stage,Open Pro 5.0+,Bracket A,Round of 16,Best of 3,Extra,Incognito,Extra,21,11,21,17,,,,,,,Emerson Dean,J√© Gagnon,,,Joseph Kaylor,Michael Du,,
Bracket Stage,Open Pro 5.0+,Bracket A,Round of 16,Best of 3,Double Clutch,Bang Bros Inc.,Double Clutch,21,19,21,17,,,,,,,Rahul Murthy,fredric hinkle,,,Kyle Fowler,Adam Porter,,
Bracket Stage,Open Pro 5.0+,Bracket A,Round of 16,Best of 3,On the Nose,Shaytar/Wideman,On the Nose,19,21,21,17,21,19,,,,,Justin Barr,Dan Abrams,,,Justin Shaytar,Nick Wideman,,
Bracket Stage,Open Pro 5.0+,Bracket A,Round of 16,Best of 3,Bot House,FTR Frontier,Bot House,21,12,21,18,,,,,,,West Peterson,Owen Lippman,,,Jake Woolley,Kyan Kornfeld,,
Bracket Stage,Open Pro 5.0+,Bracket A,Quarter-final,Best of 3,J.A.R.V.I.S.,Bot House,J.A.R.V.I.S.,14,21,21,12,21,19,,,,,Josh Fragiacomo,Connor Nelson,,,West Peterson,Owen Lippman,,
Bracket Stage,Open Pro 5.0+,Bracket A,Quarter-final,Best of 3,Kingdom Come,On the Nose,Kingdom Come,24,22,29,27,,,,,,,Grant Klapwijk,Matthew Cole,,,Justin Barr,Dan Abrams,,
Bracket Stage,Open Pro 5.0+,Bracket A,Quarter-final,Best of 3,Numb,Double Clutch,Numb,20,22,21,16,21,13,,,,,Paq Clifford,Kieran Rose,,,Rahul Murthy,fredric hinkle,,
Bracket Stage,Open Pro 5.0+,Bracket A,Quarter-final,Best of 3,V‚ö°Ô∏èRGA,Extra,Extra,19,21,13,21,,,,,,,Caleb Cummings,Dawson Morgan,,,Emerson Dean,J√© Gagnon,,
Bracket Stage,Open Pro 5.0+,Bracket A,P9: Quarter-final,Single game,FTR Frontier,Degenerates,Degenerates,0,1,,,,,,,,,Jake Woolley,Kyan Kornfeld,,,Thomas Hoffman,Jack coolbaugh,,
Bracket Stage,Open Pro 5.0+,Bracket A,P9: Quarter-final,Single game,Shaytar/Wideman,hotballers,hotballers,19,21,,,,,,,,,Justin Shaytar,Nick Wideman,,,Tyler Babin,Joshua Hachey,,
Bracket Stage,Open Pro 5.0+,Bracket A,P9: Quarter-final,Single game,Bang Bros Inc.,minus aura,minus aura,-1,0,,,,,,,,,Kyle Fowler,Adam Porter,,,Nathan Robertt,Josh Hutko,,
Bracket Stage,Open Pro 5.0+,Bracket A,P9: Quarter-final,Single game,Incognito,foolish,foolish,18,21,,,,,,,,,Joseph Kaylor,Michael Du,,,Sunny Gu,Lucas Pruett,,
Bracket Stage,Open Pro 5.0+,Bracket A,Semi-final,Best of 3,J.A.R.V.I.S.,Extra,Extra,19,21,16,21,,,,,,,Josh Fragiacomo,Connor Nelson,,,Emerson Dean,J√© Gagnon,,
Bracket Stage,Open Pro 5.0+,Bracket A,Semi-final,Best of 3,Kingdom Come,Numb,Kingdom Come,21,18,21,14,,,,,,,Grant Klapwijk,Matthew Cole,,,Paq Clifford,Kieran Rose,,
Bracket Stage,Open Pro 5.0+,Bracket A,P5: Semi-final,Single game,V‚ö°Ô∏èRGA,Bot House,V‚ö°Ô∏èRGA,17,15,,,,,,,,,Caleb Cummings,Dawson Morgan,,,West Peterson,Owen Lippman,,
Bracket Stage,Open Pro 5.0+,Bracket A,P5: Semi-final,Single game,Double Clutch,On the Nose,On the Nose,19,21,,,,,,,,,Rahul Murthy,fredric hinkle,,,Justin Barr,Dan Abrams,,
Bracket Stage,Open Pro 5.0+,Bracket A,P9: Semi-final,Single game,Degenerates,foolish,Degenerates,1,0,,,,,,,,,Thomas Hoffman,Jack coolbaugh,,,Sunny Gu,Lucas Pruett,,
Bracket Stage,Open Pro 5.0+,Bracket A,P9: Semi-final,Single game,hotballers,minus aura,hotballers,1,0,,,,,,,,,Tyler Babin,Joshua Hachey,,,Nathan Robertt,Josh Hutko,,
Bracket Stage,Open Pro 5.0+,Bracket A,Final,Best of 3,Extra,Kingdom Come,Extra,24,22,21,13,,,,,,,Emerson Dean,J√© Gagnon,,,Grant Klapwijk,Matthew Cole,,
Bracket Stage,Open Pro 5.0+,Bracket A,P3: Final,Best of 3,Numb,J.A.R.V.I.S.,J.A.R.V.I.S.,-2,0,-2,0,,,,,,,Paq Clifford,Kieran Rose,,,Josh Fragiacomo,Connor Nelson,,
Bracket Stage,Open Pro 5.0+,Bracket A,P9: Final,Single game,Degenerates,hotballers,Degenerates,21,16,,,,,,,,,Thomas Hoffman,Jack coolbaugh,,,Tyler Babin,Joshua Hachey,,
Group Stage,Women's Advanced 4.0+,Group A,1,Single game,Pierson/Phan,Semi-Aquatic Mammals of Action,Pierson/Phan,21,19,,,,,,,,,Katheleen Phan,Katie Pierson,,,Joelle Nguyen,Jhanaj Quispe,,
Group Stage,Women's Advanced 4.0+,Group A,1,Single game,KickStart,THUS Parabatai,KickStart,25,24,,,,,,,,,Sarah Allen,Karah Hui,,,Kayla Wu,Kalin Morgan,,
Group Stage,Women's Advanced 4.0+,Group B,1,Single game,Dough Boys,kara & chloe,Dough Boys,21,10,,,,,,,,,Kirstie Savage,Camille Anderson,,,chloe degraff,kara klavins,,
Group Stage,Women's Advanced 4.0+,Group B,1,Single game,Berk/Gahley,WA-ID,Berk/Gahley,21,15,,,,,,,,,Nicol Gahley,Shaina Berk,,,Maia Aton,Lindy Westendorf,,
Group Stage,Women's Advanced 4.0+,Group C,1,Single game,Carry Set,The Tolpin Queens,Carry Set,21,5,,,,,,,,,Malia Wanderer,Abigale Lamontagne,,,Karaline Tolpin,Megan Tolpin,,
Group Stage,Women's Advanced 4.0+,Group C,1,Single game,Soft Serve,Heatwaves,Soft Serve,21,11,,,,,,,,,Perrin York,Kayla Ngai,,,Jessica Borgers,Becca Feller,,
Group Stage,Women's Advanced 4.0+,Group A,2,Single game,Pierson/Phan,THUS Parabatai,Pierson/Phan,21,18,,,,,,,,,Katheleen Phan,Katie Pierson,,,Kayla Wu,Kalin Morgan,,
Group Stage,Women's Advanced 4.0+,Group A,2,Single game,ellelowe sebmarine,Semi-Aquatic Mammals of Action,ellelowe sebmarine,21,18,,,,,,,,,Elle Lowe,Sebastiani Kim,,,Joelle Nguyen,Jhanaj Quispe,,
Group Stage,Women's Advanced 4.0+,Group B,2,Single game,Dough Boys,WA-ID,Dough Boys,21,6,,,,,,,,,Kirstie Savage,Camille Anderson,,,Maia Aton,Lindy Westendorf,,
Group Stage,Women's Advanced 4.0+,Group B,2,Single game,PEACHES,kara & chloe,PEACHES,21,10,,,,,,,,,Lourna Szabanos,Kailey Windsor,,,chloe degraff,kara klavins,,
Group Stage,Women's Advanced 4.0+,Group C,2,Single game,Carry Set,Heatwaves,Carry Set,21,5,,,,,,,,,Malia Wanderer,Abigale Lamontagne,,,Jessica Borgers,Becca Feller,,
Group Stage,Women's Advanced 4.0+,Group C,2,Single game,Musty and Traveler,The Tolpin Queens,Musty and Traveler,21,3,,,,,,,,,Abby Cham,Alex Veron,,,Karaline Tolpin,Megan Tolpin,,
Group Stage,Women's Advanced 4.0+,Group A,3,Single game,Pierson/Phan,ellelowe sebmarine,ellelowe sebmarine,14,21,,,,,,,,,Katheleen Phan,Katie Pierson,,,Elle Lowe,Sebastiani Kim,,
Group Stage,Women's Advanced 4.0+,Group A,3,Single game,KickStart,Semi-Aquatic Mammals of Action,KickStart,21,12,,,,,,,,,Sarah Allen,Karah Hui,,,Joelle Nguyen,Jhanaj Quispe,,
Group Stage,Women's Advanced 4.0+,Group B,3,Single game,Dough Boys,PEACHES,Dough Boys,21,9,,,,,,,,,Kirstie Savage,Camille Anderson,,,Lourna Szabanos,Kailey Windsor,,
Group Stage,Women's Advanced 4.0+,Group B,3,Single game,Berk/Gahley,kara & chloe,Berk/Gahley,21,15,,,,,,,,,Nicol Gahley,Shaina Berk,,,chloe degraff,kara klavins,,
Group Stage,Women's Advanced 4.0+,Group C,3,Single game,Carry Set,Musty and Traveler,Carry Set,21,15,,,,,,,,,Malia Wanderer,Abigale Lamontagne,,,Abby Cham,Alex Veron,,
Group Stage,Women's Advanced 4.0+,Group C,3,Single game,Soft Serve,The Tolpin Queens,Soft Serve,21,5,,,,,,,,,Perrin York,Kayla Ngai,,,Karaline Tolpin,Megan Tolpin,,
Group Stage,Women's Advanced 4.0+,Group A,4,Single game,KickStart,ellelowe sebmarine,KickStart,21,19,,,,,,,,,Sarah Allen,Karah Hui,,,Elle Lowe,Sebastiani Kim,,
Group Stage,Women's Advanced 4.0+,Group A,4,Single game,THUS Parabatai,Semi-Aquatic Mammals of Action,THUS Parabatai,21,12,,,,,,,,,Kayla Wu,Kalin Morgan,,,Joelle Nguyen,Jhanaj Quispe,,
Group Stage,Women's Advanced 4.0+,Group B,4,Single game,Berk/Gahley,PEACHES,Berk/Gahley,21,14,,,,,,,,,Nicol Gahley,Shaina Berk,,,Lourna Szabanos,Kailey Windsor,,
Group Stage,Women's Advanced 4.0+,Group B,4,Single game,WA-ID,kara & chloe,WA-ID,21,11,,,,,,,,,Maia Aton,Lindy Westendorf,,,chloe degraff,kara klavins,,
Group Stage,Women's Advanced 4.0+,Group C,4,Single game,Soft Serve,Musty and Traveler,Soft Serve,21,7,,,,,,,,,Perrin York,Kayla Ngai,,,Abby Cham,Alex Veron,,
Group Stage,Women's Advanced 4.0+,Group C,4,Single game,Heatwaves,The Tolpin Queens,Heatwaves,21,8,,,,,,,,,Jessica Borgers,Becca Feller,,,Karaline Tolpin,Megan Tolpin,,
Group Stage,Women's Advanced 4.0+,Group A,5,Single game,Pierson/Phan,KickStart,KickStart,18,21,,,,,,,,,Katheleen Phan,Katie Pierson,,,Sarah Allen,Karah Hui,,
Group Stage,Women's Advanced 4.0+,Group A,5,Single game,ellelowe sebmarine,THUS Parabatai,THUS Parabatai,16,21,,,,,,,,,Elle Lowe,Sebastiani Kim,,,Kayla Wu,Kalin Morgan,,
Group Stage,Women's Advanced 4.0+,Group B,5,Single game,Dough Boys,Berk/Gahley,Dough Boys,21,14,,,,,,,,,Kirstie Savage,Camille Anderson,,,Nicol Gahley,Shaina Berk,,
Group Stage,Women's Advanced 4.0+,Group B,5,Single game,PEACHES,WA-ID,PEACHES,21,18,,,,,,,,,Lourna Szabanos,Kailey Windsor,,,Maia Aton,Lindy Westendorf,,
Group Stage,Women's Advanced 4.0+,Group C,5,Single game,Carry Set,Soft Serve,Carry Set,21,12,,,,,,,,,Malia Wanderer,Abigale Lamontagne,,,Perrin York,Kayla Ngai,,
Group Stage,Women's Advanced 4.0+,Group C,5,Single game,Musty and Traveler,Heatwaves,Musty and Traveler,21,17,,,,,,,,,Abby Cham,Alex Veron,,,Jessica Borgers,Becca Feller,,
Bracket Stage,Women's Advanced 4.0+,Bracket A,Round of 16,Best of 3,THUS Parabatai,The Tolpin Queens,THUS Parabatai,1,0,1,0,,,,,,,Kayla Wu,Kalin Morgan,,,Karaline Tolpin,Megan Tolpin,,
Bracket Stage,Women's Advanced 4.0+,Bracket A,Round of 16,Best of 3,ellelowe sebmarine,kara & chloe,ellelowe sebmarine,21,14,21,11,,,,,,,Elle Lowe,Sebastiani Kim,,,chloe degraff,kara klavins,,
Bracket Stage,Women's Advanced 4.0+,Bracket A,Round of 16,Best of 3,Pierson/Phan,Heatwaves,Pierson/Phan,21,7,21,9,,,,,,,Katheleen Phan,Katie Pierson,,,Jessica Borgers,Becca Feller,,
Bracket Stage,Women's Advanced 4.0+,Bracket A,Round of 16,Best of 3,Semi-Aquatic Mammals of Action,WA-ID,Semi-Aquatic Mammals of Action,23,25,21,13,21,14,,,,,Joelle Nguyen,Jhanaj Quispe,,,Maia Aton,Lindy Westendorf,,
Bracket Stage,Women's Advanced 4.0+,Bracket A,Round of 16,Best of 3,Carry Set,PEACHES,Carry Set,21,10,21,12,,,,,,,Malia Wanderer,Abigale Lamontagne,,,Lourna Szabanos,Kailey Windsor,,
Bracket Stage,Women's Advanced 4.0+,Bracket A,Round of 16,Best of 3,Dough Boys,Musty and Traveler,Dough Boys,21,13,21,11,,,,,,,Kirstie Savage,Camille Anderson,,,Abby Cham,Alex Veron,,
Bracket Stage,Women's Advanced 4.0+,Bracket A,Round of 16,Best of 3,Soft Serve,Berk/Gahley,Soft Serve,17,21,21,18,25,23,,,,,Perrin York,Kayla Ngai,,,Nicol Gahley,Shaina Berk,,
Bracket Stage,Women's Advanced 4.0+,Bracket A,Quarter-final,Best of 3,KickStart,Soft Serve,KickStart,21,12,21,18,,,,,,,Sarah Allen,Karah Hui,,,Perrin York,Kayla Ngai,,
Bracket Stage,Women's Advanced 4.0+,Bracket A,Quarter-final,Best of 3,THUS Parabatai,Dough Boys,THUS Parabatai,21,14,21,19,,,,,,,Kayla Wu,Kalin Morgan,,,Kirstie Savage,Camille Anderson,,
Bracket Stage,Women's Advanced 4.0+,Bracket A,Quarter-final,Best of 3,ellelowe sebmarine,Carry Set,ellelowe sebmarine,21,18,21,19,,,,,,,Elle Lowe,Sebastiani Kim,,,Malia Wanderer,Abigale Lamontagne,,
Bracket Stage,Women's Advanced 4.0+,Bracket A,Quarter-final,Best of 3,Pierson/Phan,Semi-Aquatic Mammals of Action,Pierson/Phan,21,18,21,18,,,,,,,Katheleen Phan,Katie Pierson,,,Joelle Nguyen,Jhanaj Quispe,,
Bracket Stage,Women's Advanced 4.0+,Bracket A,P9: Quarter-final,Single game,Musty and Traveler,The Tolpin Queens,Musty and Traveler,0,-1,,,,,,,,,Abby Cham,Alex Veron,,,Karaline Tolpin,Megan Tolpin,,
Bracket Stage,Women's Advanced 4.0+,Bracket A,P9: Quarter-final,Single game,WA-ID,Heatwaves,WA-ID,2,0,,,,,,,,,Maia Aton,Lindy Westendorf,,,Jessica Borgers,Becca Feller,,
Bracket Stage,Women's Advanced 4.0+,Bracket A,Semi-final,Best of 3,KickStart,Pierson/Phan,KickStart,21,18,21,18,,,,,,,Sarah Allen,Karah Hui,,,Katheleen Phan,Katie Pierson,,
Bracket Stage,Women's Advanced 4.0+,Bracket A,Semi-final,Best of 3,THUS Parabatai,ellelowe sebmarine,THUS Parabatai,21,16,17,21,21,18,,,,,Kayla Wu,Kalin Morgan,,,Elle Lowe,Sebastiani Kim,,
Bracket Stage,Women's Advanced 4.0+,Bracket A,P5: Semi-final,Single game,Semi-Aquatic Mammals of Action,Soft Serve,Soft Serve,-1,0,,,,,,,,,Joelle Nguyen,Jhanaj Quispe,,,Perrin York,Kayla Ngai,,
Bracket Stage,Women's Advanced 4.0+,Bracket A,P5: Semi-final,Single game,Carry Set,Dough Boys,Carry Set,2,1,,,,,,,,,Malia Wanderer,Abigale Lamontagne,,,Kirstie Savage,Camille Anderson,,
Bracket Stage,Women's Advanced 4.0+,Bracket A,P9: Semi-final,Single game,Berk/Gahley,WA-ID,Berk/Gahley,21,16,,,,,,,,,Nicol Gahley,Shaina Berk,,,Maia Aton,Lindy Westendorf,,
Bracket Stage,Women's Advanced 4.0+,Bracket A,Final,Best of 3,KickStart,THUS Parabatai,KickStart,16,21,21,17,21,17,,,,,Sarah Allen,Karah Hui,,,Kayla Wu,Kalin Morgan,,
Bracket Stage,Women's Advanced 4.0+,Bracket A,P3: Final,Best of 3,ellelowe sebmarine,Pierson/Phan,Pierson/Phan,14,21,24,22,16,21,,,,,Elle Lowe,Sebastiani Kim,,,Katheleen Phan,Katie Pierson,,
Group Stage,Premier 5.0+,Group A,1,Single game,S/C,Kyler/Chandler,S/C,21,16,,,,,,,,,Taylor Church,Matt Spolarich,,,Kyler Cote,Chandler Hertzler,,
Group Stage,Premier 5.0+,Group A,1,Single game,Kingdom Dumb,Hits on Two,Kingdom Dumb,21,15,,,,,,,,,Dallin James,Jason Small,,,Jackson Blackburn,Kyler Burton,,
Group Stage,Premier 5.0+,Group B,1,Single game,Mickey Mouse Club House,Utards,Mickey Mouse Club House,21,16,,,,,,,,,Josef Quispe,Joey Reynolds,,,Caleb Jarrett,Jake LeBaron,,
Group Stage,Premier 5.0+,Group B,1,Single game,Yo Gabba Gabba,Pocket Aces,Yo Gabba Gabba,21,17,,,,,,,,,Juan Moscoso,Derek Tang,,,Micah Allin,Garrett Ashton,,
Group Stage,Premier 5.0+,Group C,1,Single game,Clueless,Dollar Tree Roundnet,Dollar Tree Roundnet,22,24,,,,,,,,,Joey Maichen,Tyler Fernandez,,,Connor Larsen,Grant Gouger,,
Group Stage,Premier 5.0+,Group C,1,Single game,sleepy timeüí§üí§,TheGOATGene,sleepy timeüí§üí§,21,11,,,,,,,,,Bradley Clark,Izayah Gibson,,,Wesley Tunelius,Brian Lin,,
Group Stage,Premier 5.0+,Group D,1,Single game,Disordered,The Lopes,Disordered,21,10,,,,,,,,,Andrew Greer,Solomon Berry,,,Nathan Paauw,Adam Prudhomme,,
Group Stage,Premier 5.0+,Group D,1,Single game,Amnesia,Eureka,Amnesia,21,15,,,,,,,,,Garrett Carver,Tyler Stokes,,,Nathan Montgomery,Wyatt Semke,,
Group Stage,Premier 5.0+,Group E,1,Single game,Your Bad,Trust us,Your Bad,21,19,,,,,,,,,Trevor Barbosa,Andrew Kosche,,,Kelly O‚ÄôConnor,Cody Brower,,
Group Stage,Premier 5.0+,Group E,1,Single game,Arrow Down,Quick Coachesüèê,Quick Coachesüèê,18,21,,,,,,,,,Noah Johnson,Alec Galbo,,,Mike Hamilton,Felipe Larroza,,
Group Stage,Premier 5.0+,Group F,1,Single game,Pooin and Gooin,Y-Z,Pooin and Gooin,21,10,,,,,,,,,Tim Lacagnina,Nick Evanko,,,Trevor Zaleski,Bryce Young,,
Group Stage,Premier 5.0+,Group F,1,Single game,BorderLine,GNC,BorderLine,21,17,,,,,,,,,Kaleb Wagner,Trey Thompson,,,Konnor Cordingley,Daniel Green,,
Group Stage,Premier 5.0+,Group F,1,Single game,Dinomite,ChaRizzma,ChaRizzma,19,21,,,,,,,,,Charlie Camarena,Auriel Wish,,,Jack Hart,curtis lawrence,,
Group Stage,Premier 5.0+,Group A,2,Single game,S/C,Hits on Two,S/C,21,12,,,,,,,,,Taylor Church,Matt Spolarich,,,Jackson Blackburn,Kyler Burton,,
Group Stage,Premier 5.0+,Group A,2,Single game,American Spikers,Kyler/Chandler,Kyler/Chandler,11,21,,,,,,,,,Alex Hart (ASL),Jake Martha,,,Kyler Cote,Chandler Hertzler,,
Group Stage,Premier 5.0+,Group B,2,Single game,Mickey Mouse Club House,Pocket Aces,Pocket Aces,13,21,,,,,,,,,Josef Quispe,Joey Reynolds,,,Micah Allin,Garrett Ashton,,
Group Stage,Premier 5.0+,Group B,2,Single game,we'll see,Utards,we'll see,21,17,,,,,,,,,Levi Rogers,Grant Marshall,,,Caleb Jarrett,Jake LeBaron,,
Group Stage,Premier 5.0+,Group C,2,Single game,Clueless,TheGOATGene,Clueless,21,11,,,,,,,,,Joey Maichen,Tyler Fernandez,,,Wesley Tunelius,Brian Lin,,
Group Stage,Premier 5.0+,Group C,2,Single game,Lanky,Dollar Tree Roundnet,Dollar Tree Roundnet,16,21,,,,,,,,,James Lamkin,Jackson Gordon,,,Connor Larsen,Grant Gouger,,
Group Stage,Premier 5.0+,Group D,2,Single game,Disordered,Eureka,Disordered,21,13,,,,,,,,,Andrew Greer,Solomon Berry,,,Nathan Montgomery,Wyatt Semke,,
Group Stage,Premier 5.0+,Group D,2,Single game,CARL Premium Crackers,The Lopes,CARL Premium Crackers,21,16,,,,,,,,,Rafi Moldovsky,Cory Chilton,,,Nathan Paauw,Adam Prudhomme,,
Group Stage,Premier 5.0+,Group E,2,Single game,Your Bad,Quick Coachesüèê,Your Bad,21,14,,,,,,,,,Trevor Barbosa,Andrew Kosche,,,Mike Hamilton,Felipe Larroza,,
Group Stage,Premier 5.0+,Group E,2,Single game,Delulu,Trust us,Delulu,21,15,,,,,,,,,Joey Carmichael,Zack Duffy,,,Kelly O‚ÄôConnor,Cody Brower,,
Group Stage,Premier 5.0+,Group F,2,Single game,Pooin and Gooin,GNC,Pooin and Gooin,21,14,,,,,,,,,Tim Lacagnina,Nick Evanko,,,Konnor Cordingley,Daniel Green,,
Group Stage,Premier 5.0+,Group F,2,Single game,BorderLine,Dinomite,BorderLine,23,21,,,,,,,,,Kaleb Wagner,Trey Thompson,,,Charlie Camarena,Auriel Wish,,
Group Stage,Premier 5.0+,Group F,2,Single game,ChaRizzma,Y-Z,ChaRizzma,21,15,,,,,,,,,Jack Hart,curtis lawrence,,,Trevor Zaleski,Bryce Young,,
Group Stage,Premier 5.0+,Group A,3,Single game,S/C,American Spikers,S/C,21,16,,,,,,,,,Taylor Church,Matt Spolarich,,,Alex Hart (ASL),Jake Martha,,
Group Stage,Premier 5.0+,Group A,3,Single game,Kingdom Dumb,Kyler/Chandler,Kyler/Chandler,8,21,,,,,,,,,Dallin James,Jason Small,,,Kyler Cote,Chandler Hertzler,,
Group Stage,Premier 5.0+,Group B,3,Single game,Mickey Mouse Club House,we'll see,Mickey Mouse Club House,21,18,,,,,,,,,Josef Quispe,Joey Reynolds,,,Levi Rogers,Grant Marshall,,
Group Stage,Premier 5.0+,Group B,3,Single game,Yo Gabba Gabba,Utards,Utards,14,21,,,,,,,,,Juan Moscoso,Derek Tang,,,Caleb Jarrett,Jake LeBaron,,
Group Stage,Premier 5.0+,Group C,3,Single game,Clueless,Lanky,Clueless,21,7,,,,,,,,,Joey Maichen,Tyler Fernandez,,,James Lamkin,Jackson Gordon,,
Group Stage,Premier 5.0+,Group C,3,Single game,sleepy timeüí§üí§,Dollar Tree Roundnet,Dollar Tree Roundnet,15,21,,,,,,,,,Bradley Clark,Izayah Gibson,,,Connor Larsen,Grant Gouger,,
Group Stage,Premier 5.0+,Group D,3,Single game,Disordered,CARL Premium Crackers,Disordered,21,16,,,,,,,,,Andrew Greer,Solomon Berry,,,Rafi Moldovsky,Cory Chilton,,
Group Stage,Premier 5.0+,Group D,3,Single game,Amnesia,The Lopes,Amnesia,21,17,,,,,,,,,Garrett Carver,Tyler Stokes,,,Nathan Paauw,Adam Prudhomme,,
Group Stage,Premier 5.0+,Group E,3,Single game,Your Bad,Delulu,Your Bad,22,20,,,,,,,,,Trevor Barbosa,Andrew Kosche,,,Joey Carmichael,Zack Duffy,,
Group Stage,Premier 5.0+,Group E,3,Single game,Arrow Down,Trust us,Trust us,17,21,,,,,,,,,Noah Johnson,Alec Galbo,,,Kelly O‚ÄôConnor,Cody Brower,,
Group Stage,Premier 5.0+,Group F,3,Single game,Pooin and Gooin,ChaRizzma,Pooin and Gooin,21,15,,,,,,,,,Tim Lacagnina,Nick Evanko,,,Jack Hart,curtis lawrence,,
Group Stage,Premier 5.0+,Group F,3,Single game,BorderLine,Y-Z,Y-Z,18,21,,,,,,,,,Kaleb Wagner,Trey Thompson,,,Trevor Zaleski,Bryce Young,,
Group Stage,Premier 5.0+,Group F,3,Single game,Dinomite,GNC,Dinomite,21,18,,,,,,,,,Charlie Camarena,Auriel Wish,,,Konnor Cordingley,Daniel Green,,
Group Stage,Premier 5.0+,Group A,4,Single game,Kingdom Dumb,American Spikers,American Spikers,16,21,,,,,,,,,Dallin James,Jason Small,,,Alex Hart (ASL),Jake Martha,,
Group Stage,Premier 5.0+,Group A,4,Single game,Hits on Two,Kyler/Chandler,Kyler/Chandler,14,21,,,,,,,,,Jackson Blackburn,Kyler Burton,,,Kyler Cote,Chandler Hertzler,,
Group Stage,Premier 5.0+,Group B,4,Single game,Yo Gabba Gabba,we'll see,we'll see,9,21,,,,,,,,,Juan Moscoso,Derek Tang,,,Levi Rogers,Grant Marshall,,
Group Stage,Premier 5.0+,Group B,4,Single game,Pocket Aces,Utards,Pocket Aces,21,15,,,,,,,,,Micah Allin,Garrett Ashton,,,Caleb Jarrett,Jake LeBaron,,
Group Stage,Premier 5.0+,Group C,4,Single game,sleepy timeüí§üí§,Lanky,sleepy timeüí§üí§,21,13,,,,,,,,,Bradley Clark,Izayah Gibson,,,James Lamkin,Jackson Gordon,,
Group Stage,Premier 5.0+,Group C,4,Single game,TheGOATGene,Dollar Tree Roundnet,Dollar Tree Roundnet,13,21,,,,,,,,,Wesley Tunelius,Brian Lin,,,Connor Larsen,Grant Gouger,,
Group Stage,Premier 5.0+,Group D,4,Single game,Amnesia,CARL Premium Crackers,Amnesia,21,19,,,,,,,,,Garrett Carver,Tyler Stokes,,,Rafi Moldovsky,Cory Chilton,,
Group Stage,Premier 5.0+,Group D,4,Single game,Eureka,The Lopes,Eureka,21,18,,,,,,,,,Nathan Montgomery,Wyatt Semke,,,Nathan Paauw,Adam Prudhomme,,
Group Stage,Premier 5.0+,Group E,4,Single game,Arrow Down,Delulu,Delulu,16,21,,,,,,,,,Noah Johnson,Alec Galbo,,,Joey Carmichael,Zack Duffy,,
Group Stage,Premier 5.0+,Group E,4,Single game,Quick Coachesüèê,Trust us,Quick Coachesüèê,21,15,,,,,,,,,Mike Hamilton,Felipe Larroza,,,Kelly O‚ÄôConnor,Cody Brower,,
Group Stage,Premier 5.0+,Group F,4,Single game,Pooin and Gooin,Dinomite,Pooin and Gooin,21,18,,,,,,,,,Tim Lacagnina,Nick Evanko,,,Charlie Camarena,Auriel Wish,,
Group Stage,Premier 5.0+,Group F,4,Single game,BorderLine,ChaRizzma,ChaRizzma,17,21,,,,,,,,,Kaleb Wagner,Trey Thompson,,,Jack Hart,curtis lawrence,,
Group Stage,Premier 5.0+,Group F,4,Single game,GNC,Y-Z,Y-Z,19,21,,,,,,,,,Konnor Cordingley,Daniel Green,,,Trevor Zaleski,Bryce Young,,
Group Stage,Premier 5.0+,Group A,5,Single game,S/C,Kingdom Dumb,S/C,21,9,,,,,,,,,Taylor Church,Matt Spolarich,,,Dallin James,Jason Small,,
Group Stage,Premier 5.0+,Group A,5,Single game,American Spikers,Hits on Two,Hits on Two,19,21,,,,,,,,,Alex Hart (ASL),Jake Martha,,,Jackson Blackburn,Kyler Burton,,
Group Stage,Premier 5.0+,Group B,5,Single game,Mickey Mouse Club House,Yo Gabba Gabba,Mickey Mouse Club House,21,16,,,,,,,,,Josef Quispe,Joey Reynolds,,,Juan Moscoso,Derek Tang,,
Group Stage,Premier 5.0+,Group B,5,Single game,we'll see,Pocket Aces,we'll see,21,14,,,,,,,,,Levi Rogers,Grant Marshall,,,Micah Allin,Garrett Ashton,,
Group Stage,Premier 5.0+,Group C,5,Single game,Clueless,sleepy timeüí§üí§,Clueless,21,14,,,,,,,,,Joey Maichen,Tyler Fernandez,,,Bradley Clark,Izayah Gibson,,
Group Stage,Premier 5.0+,Group C,5,Single game,Lanky,TheGOATGene,Lanky,21,9,,,,,,,,,James Lamkin,Jackson Gordon,,,Wesley Tunelius,Brian Lin,,
Group Stage,Premier 5.0+,Group D,5,Single game,Disordered,Amnesia,Amnesia,16,21,,,,,,,,,Andrew Greer,Solomon Berry,,,Garrett Carver,Tyler Stokes,,
Group Stage,Premier 5.0+,Group D,5,Single game,CARL Premium Crackers,Eureka,CARL Premium Crackers,21,14,,,,,,,,,Rafi Moldovsky,Cory Chilton,,,Nathan Montgomery,Wyatt Semke,,
Group Stage,Premier 5.0+,Group E,5,Single game,Your Bad,Arrow Down,Your Bad,22,20,,,,,,,,,Trevor Barbosa,Andrew Kosche,,,Noah Johnson,Alec Galbo,,
Group Stage,Premier 5.0+,Group E,5,Single game,Delulu,Quick Coachesüèê,Delulu,21,18,,,,,,,,,Joey Carmichael,Zack Duffy,,,Mike Hamilton,Felipe Larroza,,
Group Stage,Premier 5.0+,Group F,5,Single game,Pooin and Gooin,BorderLine,Pooin and Gooin,21,19,,,,,,,,,Tim Lacagnina,Nick Evanko,,,Kaleb Wagner,Trey Thompson,,
Group Stage,Premier 5.0+,Group F,5,Single game,Dinomite,Y-Z,Dinomite,21,18,,,,,,,,,Charlie Camarena,Auriel Wish,,,Trevor Zaleski,Bryce Young,,
Group Stage,Premier 5.0+,Group F,5,Single game,ChaRizzma,GNC,ChaRizzma,22,20,,,,,,,,,Jack Hart,curtis lawrence,,,Konnor Cordingley,Daniel Green,,
Bracket Stage,Premier 5.0+,Bracket A,Round of 32,Best of 3,Pooin and Gooin,GNC,Pooin and Gooin,21,16,21,16,,,,,,,Tim Lacagnina,Nick Evanko,,,Konnor Cordingley,Daniel Green,,
Bracket Stage,Premier 5.0+,Bracket A,Round of 32,Best of 3,Dollar Tree Roundnet,TheGOATGene,Dollar Tree Roundnet,21,15,21,16,,,,,,,Connor Larsen,Grant Gouger,,,Wesley Tunelius,Brian Lin,,
Bracket Stage,Premier 5.0+,Bracket A,Round of 32,Best of 3,Amnesia,The Lopes,Amnesia,21,10,21,13,,,,,,,Garrett Carver,Tyler Stokes,,,Nathan Paauw,Adam Prudhomme,,
Bracket Stage,Premier 5.0+,Bracket A,Round of 32,Best of 3,Your Bad,Arrow Down,Your Bad,21,17,21,18,,,,,,,Trevor Barbosa,Andrew Kosche,,,Noah Johnson,Alec Galbo,,
Bracket Stage,Premier 5.0+,Bracket A,Round of 32,Best of 3,Clueless,Hits on Two,Clueless,19,21,21,12,21,17,,,,,Joey Maichen,Tyler Fernandez,,,Jackson Blackburn,Kyler Burton,,
Bracket Stage,Premier 5.0+,Bracket A,Round of 32,Best of 3,Kyler/Chandler,Kingdom Dumb,Kyler/Chandler,21,19,21,19,,,,,,,Kyler Cote,Chandler Hertzler,,,Dallin James,Jason Small,,
Bracket Stage,Premier 5.0+,Bracket A,Round of 32,Best of 3,we'll see,Yo Gabba Gabba,we'll see,17,21,21,16,21,14,,,,,Levi Rogers,Grant Marshall,,,Juan Moscoso,Derek Tang,,
Bracket Stage,Premier 5.0+,Bracket A,Round of 32,Best of 3,Disordered,Eureka,Disordered,21,16,21,9,,,,,,,Andrew Greer,Solomon Berry,,,Nathan Montgomery,Wyatt Semke,,
Bracket Stage,Premier 5.0+,Bracket A,Round of 32,Best of 3,Delulu,Lanky,Lanky,21,17,16,21,19,21,,,,,Joey Carmichael,Zack Duffy,,,James Lamkin,Jackson Gordon,,
Bracket Stage,Premier 5.0+,Bracket A,Round of 32,Best of 3,ChaRizzma,Y-Z,ChaRizzma,21,9,15,21,21,18,,,,,Jack Hart,curtis lawrence,,,Trevor Zaleski,Bryce Young,,
Bracket Stage,Premier 5.0+,Bracket A,Round of 32,Best of 3,Mickey Mouse Club House,American Spikers,Mickey Mouse Club House,22,20,21,16,,,,,,,Josef Quispe,Joey Reynolds,,,Alex Hart (ASL),Jake Martha,,
Bracket Stage,Premier 5.0+,Bracket A,Round of 32,Best of 3,sleepy timeüí§üí§,Trust us,Trust us,21,19,22,24,20,22,,,,,Bradley Clark,Izayah Gibson,,,Kelly O‚ÄôConnor,Cody Brower,,
Bracket Stage,Premier 5.0+,Bracket A,Round of 32,Best of 3,CARL Premium Crackers,Utards,Utards,14,21,15,21,,,,,,,Rafi Moldovsky,Cory Chilton,,,Caleb Jarrett,Jake LeBaron,,
Bracket Stage,Premier 5.0+,Bracket A,Round of 32,Best of 3,Pocket Aces,Dinomite,Dinomite,18,21,21,16,18,21,,,,,Micah Allin,Garrett Ashton,,,Charlie Camarena,Auriel Wish,,
Bracket Stage,Premier 5.0+,Bracket A,Round of 32,Best of 3,Quick Coachesüèê,BorderLine,BorderLine,10,21,11,21,,,,,,,Mike Hamilton,Felipe Larroza,,,Kaleb Wagner,Trey Thompson,,
Bracket Stage,Premier 5.0+,Bracket A,Round of 16,Best of 3,S/C,BorderLine,S/C,21,18,21,18,,,,,,,Taylor Church,Matt Spolarich,,,Kaleb Wagner,Trey Thompson,,
Bracket Stage,Premier 5.0+,Bracket A,Round of 16,Best of 3,Pooin and Gooin,Dinomite,Dinomite,17,21,21,18,21,23,,,,,Tim Lacagnina,Nick Evanko,,,Charlie Camarena,Auriel Wish,,
Bracket Stage,Premier 5.0+,Bracket A,Round of 16,Best of 3,Dollar Tree Roundnet,Utards,Dollar Tree Roundnet,15,21,22,20,21,19,,,,,Connor Larsen,Grant Gouger,,,Caleb Jarrett,Jake LeBaron,,
Bracket Stage,Premier 5.0+,Bracket A,Round of 16,Best of 3,Amnesia,Trust us,Amnesia,21,12,21,17,,,,,,,Garrett Carver,Tyler Stokes,,,Kelly O‚ÄôConnor,Cody Brower,,
Bracket Stage,Premier 5.0+,Bracket A,Round of 16,Best of 3,Your Bad,Mickey Mouse Club House,Your Bad,25,23,21,18,,,,,,,Trevor Barbosa,Andrew Kosche,,,Josef Quispe,Joey Reynolds,,
Bracket Stage,Premier 5.0+,Bracket A,Round of 16,Best of 3,Clueless,ChaRizzma,Clueless,21,15,24,22,,,,,,,Joey Maichen,Tyler Fernandez,,,Jack Hart,curtis lawrence,,
Bracket Stage,Premier 5.0+,Bracket A,Round of 16,Best of 3,Kyler/Chandler,Lanky,Kyler/Chandler,21,18,21,12,,,,,,,Kyler Cote,Chandler Hertzler,,,James Lamkin,Jackson Gordon,,
Bracket Stage,Premier 5.0+,Bracket A,Round of 16,Best of 3,we'll see,Disordered,we'll see,21,19,14,21,21,17,,,,,Levi Rogers,Grant Marshall,,,Andrew Greer,Solomon Berry,,
Bracket Stage,Premier 5.0+,Bracket A,P17: Round of 16,Single game,Pocket Aces,GNC,Pocket Aces,2421,2216,,,,,,,,,Micah Allin,Garrett Ashton,,,Konnor Cordingley,Daniel Green,,
Bracket Stage,Premier 5.0+,Bracket A,P17: Round of 16,Single game,CARL Premium Crackers,TheGOATGene,TheGOATGene,-1,0,,,,,,,,,Rafi Moldovsky,Cory Chilton,,,Wesley Tunelius,Brian Lin,,
Bracket Stage,Premier 5.0+,Bracket A,P17: Round of 16,Single game,sleepy timeüí§üí§,The Lopes,The Lopes,0,1,,,,,,,,,Bradley Clark,Izayah Gibson,,,Nathan Paauw,Adam Prudhomme,,
Bracket Stage,Premier 5.0+,Bracket A,P17: Round of 16,Single game,American Spikers,Arrow Down,American Spikers,2,1,,,,,,,,,Alex Hart (ASL),Jake Martha,,,Noah Johnson,Alec Galbo,,
Bracket Stage,Premier 5.0+,Bracket A,P17: Round of 16,Single game,Y-Z,Hits on Two,Y-Z,21,19,,,,,,,,,Trevor Zaleski,Bryce Young,,,Jackson Blackburn,Kyler Burton,,
Bracket Stage,Premier 5.0+,Bracket A,P17: Round of 16,Single game,Delulu,Kingdom Dumb,Kingdom Dumb,18,21,,,,,,,,,Joey Carmichael,Zack Duffy,,,Dallin James,Jason Small,,
Bracket Stage,Premier 5.0+,Bracket A,P17: Round of 16,Single game,Eureka,Yo Gabba Gabba,Yo Gabba Gabba,0,2,,,,,,,,,Nathan Montgomery,Wyatt Semke,,,Juan Moscoso,Derek Tang,,
Bracket Stage,Premier 5.0+,Bracket A,Quarter-final,Best of 3,S/C,we'll see,S/C,21,18,21,16,,,,,,,Taylor Church,Matt Spolarich,,,Levi Rogers,Grant Marshall,,
Bracket Stage,Premier 5.0+,Bracket A,Quarter-final,Best of 3,Dinomite,Kyler/Chandler,Dinomite,21,19,34,36,21,14,,,,,Charlie Camarena,Auriel Wish,,,Kyler Cote,Chandler Hertzler,,
Bracket Stage,Premier 5.0+,Bracket A,Quarter-final,Best of 3,Dollar Tree Roundnet,Clueless,Clueless,15,21,15,21,,,,,,,Connor Larsen,Grant Gouger,,,Joey Maichen,Tyler Fernandez,,
Bracket Stage,Premier 5.0+,Bracket A,Quarter-final,Best of 3,Amnesia,Your Bad,Amnesia,16,21,21,16,47,45,,,,,Garrett Carver,Tyler Stokes,,,Trevor Barbosa,Andrew Kosche,,
Bracket Stage,Premier 5.0+,Bracket A,P9: Quarter-final,Single game,Disordered,BorderLine,Disordered,0,-2,,,,,,,,,Andrew Greer,Solomon Berry,,,Kaleb Wagner,Trey Thompson,,
Bracket Stage,Premier 5.0+,Bracket A,P9: Quarter-final,Single game,ChaRizzma,Utards,Utards,15,21,,,,,,,,,Jack Hart,curtis lawrence,,,Caleb Jarrett,Jake LeBaron,,
Bracket Stage,Premier 5.0+,Bracket A,P9: Quarter-final,Single game,Mickey Mouse Club House,Trust us,Mickey Mouse Club House,21,19,,,,,,,,,Josef Quispe,Joey Reynolds,,,Kelly O‚ÄôConnor,Cody Brower,,
Bracket Stage,Premier 5.0+,Bracket A,P17: Quarter-final,Single game,Quick Coachesüèê,Yo Gabba Gabba,Yo Gabba Gabba,0,2,,,,,,,,,Mike Hamilton,Felipe Larroza,,,Juan Moscoso,Derek Tang,,
Bracket Stage,Premier 5.0+,Bracket A,P17: Quarter-final,Single game,Pocket Aces,Kingdom Dumb,Pocket Aces,21,15,,,,,,,,,Micah Allin,Garrett Ashton,,,Dallin James,Jason Small,,
Bracket Stage,Premier 5.0+,Bracket A,P17: Quarter-final,Single game,TheGOATGene,Y-Z,Y-Z,13,21,,,,,,,,,Wesley Tunelius,Brian Lin,,,Trevor Zaleski,Bryce Young,,
Bracket Stage,Premier 5.0+,Bracket A,P17: Quarter-final,Single game,The Lopes,American Spikers,The Lopes,21,18,,,,,,,,,Nathan Paauw,Adam Prudhomme,,,Alex Hart (ASL),Jake Martha,,
Bracket Stage,Premier 5.0+,Bracket A,P25: Quarter-final,Single game,Delulu,GNC,Delulu,21,15,,,,,,,,,Joey Carmichael,Zack Duffy,,,Konnor Cordingley,Daniel Green,,
Bracket Stage,Premier 5.0+,Bracket A,P25: Quarter-final,Single game,Hits on Two,CARL Premium Crackers,Hits on Two,1,0,,,,,,,,,Jackson Blackburn,Kyler Burton,,,Rafi Moldovsky,Cory Chilton,,
Bracket Stage,Premier 5.0+,Bracket A,Semi-final,Best of 3,S/C,Amnesia,S/C,18,21,21,16,25,23,,,,,Taylor Church,Matt Spolarich,,,Garrett Carver,Tyler Stokes,,
Bracket Stage,Premier 5.0+,Bracket A,Semi-final,Best of 3,Dinomite,Clueless,Clueless,17,21,23,25,,,,,,,Charlie Camarena,Auriel Wish,,,Joey Maichen,Tyler Fernandez,,
Bracket Stage,Premier 5.0+,Bracket A,P5: Semi-final,Single game,Your Bad,we'll see,we'll see,-1,0,,,,,,,,,Trevor Barbosa,Andrew Kosche,,,Levi Rogers,Grant Marshall,,
Bracket Stage,Premier 5.0+,Bracket A,P5: Semi-final,Single game,Dollar Tree Roundnet,Kyler/Chandler,Kyler/Chandler,-1,0,,,,,,,,,Connor Larsen,Grant Gouger,,,Kyler Cote,Chandler Hertzler,,
Bracket Stage,Premier 5.0+,Bracket A,P9: Semi-final,Single game,Disordered,Mickey Mouse Club House,Disordered,21,15,,,,,,,,,Andrew Greer,Solomon Berry,,,Josef Quispe,Joey Reynolds,,
Bracket Stage,Premier 5.0+,Bracket A,P17: Semi-final,Single game,Yo Gabba Gabba,The Lopes,Yo Gabba Gabba,21,16,,,,,,,,,Juan Moscoso,Derek Tang,,,Nathan Paauw,Adam Prudhomme,,
Bracket Stage,Premier 5.0+,Bracket A,P17: Semi-final,Single game,Pocket Aces,Y-Z,Y-Z,19,21,,,,,,,,,Micah Allin,Garrett Ashton,,,Trevor Zaleski,Bryce Young,,
Bracket Stage,Premier 5.0+,Bracket A,Final,Best of 3,S/C,Clueless,Clueless,21,17,16,21,18,21,,,,,Taylor Church,Matt Spolarich,,,Joey Maichen,Tyler Fernandez,,
Bracket Stage,Premier 5.0+,Bracket A,P3: Final,Best of 3,Dinomite,Amnesia,Dinomite,26,28,0,-1,0,-1,,,,,Charlie Camarena,Auriel Wish,,,Garrett Carver,Tyler Stokes,,
Bracket Stage,Premier 5.0+,Bracket A,P5: Final,Single game,we'll see,Kyler/Chandler,we'll see,0,-1,,,,,,,,,Levi Rogers,Grant Marshall,,,Kyler Cote,Chandler Hertzler,,
Bracket Stage,Premier 5.0+,Bracket A,P17: Final,Single game,Yo Gabba Gabba,Y-Z,Yo Gabba Gabba,21,15,,,,,,,,,Juan Moscoso,Derek Tang,,,Trevor Zaleski,Bryce Young,,
Bracket Stage,Premier 5.0+,Bracket A,P19: Final,Single game,Pocket Aces,The Lopes,The Lopes,-1,0,,,,,,,,,Micah Allin,Garrett Ashton,,,Nathan Paauw,Adam Prudhomme,,
Group Stage,Contender 4.5+,Group A,1,Single game,The Mojitos,Double Fault,Double Fault,17,21,,,,,,,,,Josiah Murphy,Aimee Bray,,,Luke Cook,Nathan Avalos,,
Group Stage,Contender 4.5+,Group A,1,Single game,Nemec/Wallace,Kartchner/Fisher,Nemec/Wallace,21,12,,,,,,,,,Jack Wallace,Luke Nemec,,,Nathan Fisher,Ryan Kartchner,,
Group Stage,Contender 4.5+,Group B,1,Single game,Slumpy & Dumpy,Those guys,Slumpy & Dumpy,21,4,,,,,,,,,Jason Xu,pavan narahari,,,Ryan Gladbach,Theo Bergman,,
Group Stage,Contender 4.5+,Group B,1,Single game,Alcoballics Anonymous,"Bobwards best employees ","Bobwards best employees ",12,21,,,,,,,,,Keyan McLaughlin,Stephen Butler,,,Jacob Wunschel,Cole Matas,,
Group Stage,Contender 4.5+,Group C,1,Single game,Baja Blast,Out of pocket,Baja Blast,21,18,,,,,,,,,Ryan Brown,Aidan Mackey,,,Christopher Marcusen,Tyler Caswell,,
Group Stage,Contender 4.5+,Group C,1,Single game,Fellers with (and without) Beards,Tolpinators,Fellers with (and without) Beards,21,9,,,,,,,,,Mo Beard,Daniel Feller,,,Ethan Tolpin,Austin Tolpin,,
Group Stage,Contender 4.5+,Group D,1,Single game,Tab? Tash? Tab? Tash? Tab? Tash? Tab? Ta,Super Spikers,Tab? Tash? Tab? Tash? Tab? Tash? Tab? Ta,21,9,,,,,,,,,Tab Dayani,Tahseen Robbani,,,Joshua Balmforth,Ryley Duke,,
Group Stage,Contender 4.5+,Group D,1,Single game,Set me up,Juice,Set me up,22,20,,,,,,,,,Logan Grigg,Kavan Dharia,,,Nick Bradley,Dalee Young,,
Group Stage,Contender 4.5+,Group E,1,Single game,Preachers,Straight Rippin',Preachers,21,16,,,,,,,,,Bowen Maynard,Garrett Walter,,,Ryan Kunkler,Gab√© Memmott,,
Group Stage,Contender 4.5+,Group E,1,Single game,California Girls,Midlife Mayhem,California Girls,21,5,,,,,,,,,Nathan Gauthier,Blake Kasama,,,Wade Eyerly,Ryan Bessey,,
Group Stage,Contender 4.5+,Group E,1,Single game,Good Day,PSR Short Kings,Good Day,21,11,,,,,,,,,Brian Hansen,William Fluckiger,,,Nathan Tvedt,Jake Pearsons,,
Group Stage,Contender 4.5+,Group F,1,Single game,At Least We Showed Up,OReed,At Least We Showed Up,21,3,,,,,,,,,Jeremy Proch,Cade Cote,,,Reed Farnsworth,DeWayne Ovard,,
Group Stage,Contender 4.5+,Group F,1,Single game,Bop it,Bing Chilling,Bop it,21,14,,,,,,,,,Jackson Biggs,Matt Garbecki,,,Jason Gurney,Elvin Pok,,
Group Stage,Contender 4.5+,Group F,1,Single game,Tolpin Bro‚Äôs,PB United,Tolpin Bro‚Äôs,21,10,,,,,,,,,Drew Tolpin,Luke Tolpin,,,Taylor Harman,Jared Wasden,,
Group Stage,Contender 4.5+,Group G,1,Single game,CARL Short Kings,GETZAPPED,CARL Short Kings,23,21,,,,,,,,,Yusei Fujikura,William Foote,,,Lazarus Shettell,Gavin Caraway,,
Group Stage,Contender 4.5+,Group G,1,Single game,Help!,Hunt/Hunt,Help!,21,16,,,,,,,,,Bryce Jacobsen,Arthur Troncoso,,,Toby Hunt,Braydon Hunt,,
Group Stage,Contender 4.5+,Group G,1,Single game,Main Main Introverts,Ball Busters,Ball Busters,15,21,,,,,,,,,Keaton Hawk,Daulton Monkress,,,Billy Durrill,Thompson Yang,,
Group Stage,Contender 4.5+,Group A,2,Single game,The Mojitos,Kartchner/Fisher,The Mojitos,21,10,,,,,,,,,Josiah Murphy,Aimee Bray,,,Nathan Fisher,Ryan Kartchner,,
Group Stage,Contender 4.5+,Group A,2,Single game,Hit List,Double Fault,Hit List,21,19,,,,,,,,,Jaren Haggard,Casey Harman,,,Luke Cook,Nathan Avalos,,
Group Stage,Contender 4.5+,Group B,2,Single game,Slumpy & Dumpy,"Bobwards best employees ",Slumpy & Dumpy,21,18,,,,,,,,,Jason Xu,pavan narahari,,,Jacob Wunschel,Cole Matas,,
Group Stage,Contender 4.5+,Group B,2,Single game,English Setters,Those guys,English Setters,21,9,,,,,,,,,Dylan Mundy,Remi Prince,,,Ryan Gladbach,Theo Bergman,,
Group Stage,Contender 4.5+,Group C,2,Single game,Baja Blast,Tolpinators,Baja Blast,21,16,,,,,,,,,Ryan Brown,Aidan Mackey,,,Ethan Tolpin,Austin Tolpin,,
Group Stage,Contender 4.5+,Group C,2,Single game,Got a Partner,Out of pocket,Out of pocket,18,21,,,,,,,,,Aman Khemka,Trevor Folden,,,Christopher Marcusen,Tyler Caswell,,
Group Stage,Contender 4.5+,Group D,2,Single game,Tab? Tash? Tab? Tash? Tab? Tash? Tab? Ta,Juice,Tab? Tash? Tab? Tash? Tab? Tash? Tab? Ta,21,14,,,,,,,,,Tab Dayani,Tahseen Robbani,,,Nick Bradley,Dalee Young,,
Group Stage,Contender 4.5+,Group D,2,Single game,The Beach Boyz,Super Spikers,The Beach Boyz,21,19,,,,,,,,,Malachi Ryan,Kevin Reddell,,,Joshua Balmforth,Ryley Duke,,
Group Stage,Contender 4.5+,Group E,2,Single game,Preachers,Midlife Mayhem,Preachers,21,4,,,,,,,,,Bowen Maynard,Garrett Walter,,,Wade Eyerly,Ryan Bessey,,
Group Stage,Contender 4.5+,Group E,2,Single game,California Girls,Good Day,Good Day,20,22,,,,,,,,,Nathan Gauthier,Blake Kasama,,,Brian Hansen,William Fluckiger,,
Group Stage,Contender 4.5+,Group E,2,Single game,PSR Short Kings,Straight Rippin',Straight Rippin',21,23,,,,,,,,,Nathan Tvedt,Jake Pearsons,,,Ryan Kunkler,Gab√© Memmott,,
Group Stage,Contender 4.5+,Group F,2,Single game,At Least We Showed Up,Bing Chilling,At Least We Showed Up,21,17,,,,,,,,,Jeremy Proch,Cade Cote,,,Jason Gurney,Elvin Pok,,
Group Stage,Contender 4.5+,Group F,2,Single game,Bop it,Tolpin Bro‚Äôs,Tolpin Bro‚Äôs,17,21,,,,,,,,,Jackson Biggs,Matt Garbecki,,,Drew Tolpin,Luke Tolpin,,
Group Stage,Contender 4.5+,Group F,2,Single game,PB United,OReed,PB United,21,15,,,,,,,,,Taylor Harman,Jared Wasden,,,Reed Farnsworth,DeWayne Ovard,,
Group Stage,Contender 4.5+,Group G,2,Single game,CARL Short Kings,Hunt/Hunt,CARL Short Kings,21,12,,,,,,,,,Yusei Fujikura,William Foote,,,Toby Hunt,Braydon Hunt,,
Group Stage,Contender 4.5+,Group G,2,Single game,Help!,Main Main Introverts,Help!,21,12,,,,,,,,,Bryce Jacobsen,Arthur Troncoso,,,Keaton Hawk,Daulton Monkress,,
Group Stage,Contender 4.5+,Group G,2,Single game,Ball Busters,GETZAPPED,Ball Busters,21,11,,,,,,,,,Billy Durrill,Thompson Yang,,,Lazarus Shettell,Gavin Caraway,,
Group Stage,Contender 4.5+,Group A,3,Single game,The Mojitos,Hit List,Hit List,10,21,,,,,,,,,Josiah Murphy,Aimee Bray,,,Jaren Haggard,Casey Harman,,
Group Stage,Contender 4.5+,Group A,3,Single game,Nemec/Wallace,Double Fault,Nemec/Wallace,23,21,,,,,,,,,Jack Wallace,Luke Nemec,,,Luke Cook,Nathan Avalos,,
Group Stage,Contender 4.5+,Group B,3,Single game,Slumpy & Dumpy,English Setters,Slumpy & Dumpy,21,19,,,,,,,,,Jason Xu,pavan narahari,,,Dylan Mundy,Remi Prince,,
Group Stage,Contender 4.5+,Group B,3,Single game,Alcoballics Anonymous,Those guys,Alcoballics Anonymous,21,14,,,,,,,,,Keyan McLaughlin,Stephen Butler,,,Ryan Gladbach,Theo Bergman,,
Group Stage,Contender 4.5+,Group C,3,Single game,Baja Blast,Got a Partner,Baja Blast,21,13,,,,,,,,,Ryan Brown,Aidan Mackey,,,Aman Khemka,Trevor Folden,,
Group Stage,Contender 4.5+,Group C,3,Single game,Fellers with (and without) Beards,Out of pocket,Fellers with (and without) Beards,21,19,,,,,,,,,Mo Beard,Daniel Feller,,,Christopher Marcusen,Tyler Caswell,,
Group Stage,Contender 4.5+,Group D,3,Single game,Tab? Tash? Tab? Tash? Tab? Tash? Tab? Ta,The Beach Boyz,Tab? Tash? Tab? Tash? Tab? Tash? Tab? Ta,21,16,,,,,,,,,Tab Dayani,Tahseen Robbani,,,Malachi Ryan,Kevin Reddell,,
Group Stage,Contender 4.5+,Group D,3,Single game,Set me up,Super Spikers,Super Spikers,18,21,,,,,,,,,Logan Grigg,Kavan Dharia,,,Joshua Balmforth,Ryley Duke,,
Group Stage,Contender 4.5+,Group E,3,Single game,Preachers,PSR Short Kings,Preachers,21,8,,,,,,,,,Bowen Maynard,Garrett Walter,,,Nathan Tvedt,Jake Pearsons,,
Group Stage,Contender 4.5+,Group E,3,Single game,California Girls,Straight Rippin',Straight Rippin',19,21,,,,,,,,,Nathan Gauthier,Blake Kasama,,,Ryan Kunkler,Gab√© Memmott,,
Group Stage,Contender 4.5+,Group E,3,Single game,Good Day,Midlife Mayhem,Good Day,21,4,,,,,,,,,Brian Hansen,William Fluckiger,,,Wade Eyerly,Ryan Bessey,,
Group Stage,Contender 4.5+,Group F,3,Single game,At Least We Showed Up,PB United,At Least We Showed Up,21,11,,,,,,,,,Jeremy Proch,Cade Cote,,,Taylor Harman,Jared Wasden,,
Group Stage,Contender 4.5+,Group F,3,Single game,Bop it,OReed,Bop it,21,7,,,,,,,,,Jackson Biggs,Matt Garbecki,,,Reed Farnsworth,DeWayne Ovard,,
Group Stage,Contender 4.5+,Group F,3,Single game,Tolpin Bro‚Äôs,Bing Chilling,Tolpin Bro‚Äôs,21,9,,,,,,,,,Drew Tolpin,Luke Tolpin,,,Jason Gurney,Elvin Pok,,
Group Stage,Contender 4.5+,Group G,3,Single game,CARL Short Kings,Ball Busters,CARL Short Kings,21,13,,,,,,,,,Yusei Fujikura,William Foote,,,Billy Durrill,Thompson Yang,,
Group Stage,Contender 4.5+,Group G,3,Single game,Help!,GETZAPPED,Help!,21,11,,,,,,,,,Bryce Jacobsen,Arthur Troncoso,,,Lazarus Shettell,Gavin Caraway,,
Group Stage,Contender 4.5+,Group G,3,Single game,Main Main Introverts,Hunt/Hunt,Main Main Introverts,21,18,,,,,,,,,Keaton Hawk,Daulton Monkress,,,Toby Hunt,Braydon Hunt,,
Group Stage,Contender 4.5+,Group A,4,Single game,Nemec/Wallace,Hit List,Hit List,16,21,,,,,,,,,Jack Wallace,Luke Nemec,,,Jaren Haggard,Casey Harman,,
Group Stage,Contender 4.5+,Group A,4,Single game,Kartchner/Fisher,Double Fault,Double Fault,9,21,,,,,,,,,Nathan Fisher,Ryan Kartchner,,,Luke Cook,Nathan Avalos,,
Group Stage,Contender 4.5+,Group B,4,Single game,Alcoballics Anonymous,English Setters,English Setters,14,21,,,,,,,,,Keyan McLaughlin,Stephen Butler,,,Dylan Mundy,Remi Prince,,
Group Stage,Contender 4.5+,Group B,4,Single game,"Bobwards best employees ",Those guys,"Bobwards best employees ",21,7,,,,,,,,,Jacob Wunschel,Cole Matas,,,Ryan Gladbach,Theo Bergman,,
Group Stage,Contender 4.5+,Group C,4,Single game,Fellers with (and without) Beards,Got a Partner,Fellers with (and without) Beards,21,18,,,,,,,,,Mo Beard,Daniel Feller,,,Aman Khemka,Trevor Folden,,
Group Stage,Contender 4.5+,Group C,4,Single game,Tolpinators,Out of pocket,Out of pocket,10,21,,,,,,,,,Ethan Tolpin,Austin Tolpin,,,Christopher Marcusen,Tyler Caswell,,
Group Stage,Contender 4.5+,Group D,4,Single game,Set me up,The Beach Boyz,Set me up,22,20,,,,,,,,,Logan Grigg,Kavan Dharia,,,Malachi Ryan,Kevin Reddell,,
Group Stage,Contender 4.5+,Group D,4,Single game,Juice,Super Spikers,Juice,21,13,,,,,,,,,Nick Bradley,Dalee Young,,,Joshua Balmforth,Ryley Duke,,
Group Stage,Contender 4.5+,Group E,4,Single game,Preachers,Good Day,Good Day,18,21,,,,,,,,,Bowen Maynard,Garrett Walter,,,Brian Hansen,William Fluckiger,,
Group Stage,Contender 4.5+,Group E,4,Single game,California Girls,PSR Short Kings,California Girls,21,11,,,,,,,,,Nathan Gauthier,Blake Kasama,,,Nathan Tvedt,Jake Pearsons,,
Group Stage,Contender 4.5+,Group E,4,Single game,Midlife Mayhem,Straight Rippin',Straight Rippin',10,21,,,,,,,,,Wade Eyerly,Ryan Bessey,,,Ryan Kunkler,Gab√© Memmott,,
Group Stage,Contender 4.5+,Group F,4,Single game,At Least We Showed Up,Tolpin Bro‚Äôs,Tolpin Bro‚Äôs,15,21,,,,,,,,,Jeremy Proch,Cade Cote,,,Drew Tolpin,Luke Tolpin,,
Group Stage,Contender 4.5+,Group F,4,Single game,Bop it,PB United,Bop it,21,15,,,,,,,,,Jackson Biggs,Matt Garbecki,,,Taylor Harman,Jared Wasden,,
Group Stage,Contender 4.5+,Group F,4,Single game,Bing Chilling,OReed,Bing Chilling,21,11,,,,,,,,,Jason Gurney,Elvin Pok,,,Reed Farnsworth,DeWayne Ovard,,
Group Stage,Contender 4.5+,Group G,4,Single game,CARL Short Kings,Main Main Introverts,CARL Short Kings,21,15,,,,,,,,,Yusei Fujikura,William Foote,,,Keaton Hawk,Daulton Monkress,,
Group Stage,Contender 4.5+,Group G,4,Single game,Help!,Ball Busters,Ball Busters,19,21,,,,,,,,,Bryce Jacobsen,Arthur Troncoso,,,Billy Durrill,Thompson Yang,,
Group Stage,Contender 4.5+,Group G,4,Single game,Hunt/Hunt,GETZAPPED,GETZAPPED,17,21,,,,,,,,,Toby Hunt,Braydon Hunt,,,Lazarus Shettell,Gavin Caraway,,
Group Stage,Contender 4.5+,Group A,5,Single game,The Mojitos,Nemec/Wallace,Nemec/Wallace,18,21,,,,,,,,,Josiah Murphy,Aimee Bray,,,Jack Wallace,Luke Nemec,,
Group Stage,Contender 4.5+,Group A,5,Single game,Hit List,Kartchner/Fisher,Hit List,21,9,,,,,,,,,Jaren Haggard,Casey Harman,,,Nathan Fisher,Ryan Kartchner,,
Group Stage,Contender 4.5+,Group B,5,Single game,Slumpy & Dumpy,Alcoballics Anonymous,Slumpy & Dumpy,21,7,,,,,,,,,Jason Xu,pavan narahari,,,Keyan McLaughlin,Stephen Butler,,
Group Stage,Contender 4.5+,Group B,5,Single game,English Setters,"Bobwards best employees ",English Setters,21,14,,,,,,,,,Dylan Mundy,Remi Prince,,,Jacob Wunschel,Cole Matas,,
Group Stage,Contender 4.5+,Group C,5,Single game,Baja Blast,Fellers with (and without) Beards,Fellers with (and without) Beards,18,21,,,,,,,,,Ryan Brown,Aidan Mackey,,,Mo Beard,Daniel Feller,,
Group Stage,Contender 4.5+,Group C,5,Single game,Got a Partner,Tolpinators,Got a Partner,21,6,,,,,,,,,Aman Khemka,Trevor Folden,,,Ethan Tolpin,Austin Tolpin,,
Group Stage,Contender 4.5+,Group D,5,Single game,Tab? Tash? Tab? Tash? Tab? Tash? Tab? Ta,Set me up,Tab? Tash? Tab? Tash? Tab? Tash? Tab? Ta,22,20,,,,,,,,,Tab Dayani,Tahseen Robbani,,,Logan Grigg,Kavan Dharia,,
Group Stage,Contender 4.5+,Group D,5,Single game,The Beach Boyz,Juice,The Beach Boyz,25,23,,,,,,,,,Malachi Ryan,Kevin Reddell,,,Nick Bradley,Dalee Young,,
Group Stage,Contender 4.5+,Group E,5,Single game,Preachers,California Girls,Preachers,21,14,,,,,,,,,Bowen Maynard,Garrett Walter,,,Nathan Gauthier,Blake Kasama,,
Group Stage,Contender 4.5+,Group E,5,Single game,Good Day,Straight Rippin',Good Day,21,11,,,,,,,,,Brian Hansen,William Fluckiger,,,Ryan Kunkler,Gab√© Memmott,,
Group Stage,Contender 4.5+,Group E,5,Single game,PSR Short Kings,Midlife Mayhem,PSR Short Kings,21,14,,,,,,,,,Nathan Tvedt,Jake Pearsons,,,Wade Eyerly,Ryan Bessey,,
Group Stage,Contender 4.5+,Group F,5,Single game,At Least We Showed Up,Bop it,Bop it,12,21,,,,,,,,,Jeremy Proch,Cade Cote,,,Jackson Biggs,Matt Garbecki,,
Group Stage,Contender 4.5+,Group F,5,Single game,Tolpin Bro‚Äôs,OReed,Tolpin Bro‚Äôs,21,7,,,,,,,,,Drew Tolpin,Luke Tolpin,,,Reed Farnsworth,DeWayne Ovard,,
Group Stage,Contender 4.5+,Group F,5,Single game,PB United,Bing Chilling,PB United,21,18,,,,,,,,,Taylor Harman,Jared Wasden,,,Jason Gurney,Elvin Pok,,
Group Stage,Contender 4.5+,Group G,5,Single game,CARL Short Kings,Help!,CARL Short Kings,23,21,,,,,,,,,Yusei Fujikura,William Foote,,,Bryce Jacobsen,Arthur Troncoso,,
Group Stage,Contender 4.5+,Group G,5,Single game,Main Main Introverts,GETZAPPED,GETZAPPED,16,21,,,,,,,,,Keaton Hawk,Daulton Monkress,,,Lazarus Shettell,Gavin Caraway,,
Group Stage,Contender 4.5+,Group G,5,Single game,Ball Busters,Hunt/Hunt,Ball Busters,21,19,,,,,,,,,Billy Durrill,Thompson Yang,,,Toby Hunt,Braydon Hunt,,
Bracket Stage,Contender 4.5+,Bracket A,Round of 32,Best of 3,Tolpin Bro‚Äôs,PSR Short Kings,Tolpin Bro‚Äôs,21,7,21,7,,,,,,,Drew Tolpin,Luke Tolpin,,,Nathan Tvedt,Jake Pearsons,,
Bracket Stage,Contender 4.5+,Bracket A,Round of 32,Best of 3,Slumpy & Dumpy,Main Main Introverts,Slumpy & Dumpy,21,19,21,18,,,,,,,Jason Xu,pavan narahari,,,Keaton Hawk,Daulton Monkress,,
Bracket Stage,Contender 4.5+,Bracket A,Round of 32,Best of 3,Good Day,Bing Chilling,Good Day,17,21,21,13,27,25,,,,,Brian Hansen,William Fluckiger,,,Jason Gurney,Elvin Pok,,
Bracket Stage,Contender 4.5+,Bracket A,Round of 32,Best of 3,Hit List,Alcoballics Anonymous,Hit List,21,6,21,16,,,,,,,Jaren Haggard,Casey Harman,,,Keyan McLaughlin,Stephen Butler,,
Bracket Stage,Contender 4.5+,Bracket A,Round of 32,Best of 3,Tab? Tash? Tab? Tash? Tab? Tash? Tab? Ta,Super Spikers,Tab? Tash? Tab? Tash? Tab? Tash? Tab? Ta,0,-1,0,-1,,,,,,,Tab Dayani,Tahseen Robbani,,,Joshua Balmforth,Ryley Duke,,
Bracket Stage,Contender 4.5+,Bracket A,Round of 32,Best of 3,CARL Short Kings,PB United,CARL Short Kings,21,18,21,18,,,,,,,Yusei Fujikura,William Foote,,,Taylor Harman,Jared Wasden,,
Bracket Stage,Contender 4.5+,Bracket A,Round of 32,Best of 3,Fellers with (and without) Beards,GETZAPPED,Fellers with (and without) Beards,23,21,21,13,,,,,,,Mo Beard,Daniel Feller,,,Lazarus Shettell,Gavin Caraway,,
Bracket Stage,Contender 4.5+,Bracket A,Round of 32,Best of 3,Preachers,The Mojitos,Preachers,21,12,23,21,,,,,,,Bowen Maynard,Garrett Walter,,,Josiah Murphy,Aimee Bray,,
Bracket Stage,Contender 4.5+,Bracket A,Round of 32,Best of 3,Bop it,Juice,Bop it,18,21,21,19,21,15,,,,,Jackson Biggs,Matt Garbecki,,,Nick Bradley,Dalee Young,,
Bracket Stage,Contender 4.5+,Bracket A,Round of 32,Best of 3,English Setters,Got a Partner,English Setters,21,14,21,9,,,,,,,Dylan Mundy,Remi Prince,,,Aman Khemka,Trevor Folden,,
Bracket Stage,Contender 4.5+,Bracket A,Round of 32,Best of 3,Help!,California Girls,California Girls,17,21,21,13,19,21,,,,,Bryce Jacobsen,Arthur Troncoso,,,Nathan Gauthier,Blake Kasama,,
Bracket Stage,Contender 4.5+,Bracket A,Round of 32,Best of 3,Baja Blast,The Beach Boyz,Baja Blast,21,12,21,18,,,,,,,Ryan Brown,Aidan Mackey,,,Malachi Ryan,Kevin Reddell,,
Bracket Stage,Contender 4.5+,Bracket A,Round of 32,Best of 3,Ball Busters,Set me up,Ball Busters,21,18,26,24,,,,,,,Billy Durrill,Thompson Yang,,,Logan Grigg,Kavan Dharia,,
Bracket Stage,Contender 4.5+,Bracket A,Round of 32,Best of 3,Nemec/Wallace,Straight Rippin',Nemec/Wallace,21,14,21,16,,,,,,,Jack Wallace,Luke Nemec,,,Ryan Kunkler,Gab√© Memmott,,
Bracket Stage,Contender 4.5+,Bracket A,Round of 32,Best of 3,At Least We Showed Up,Out of pocket,At Least We Showed Up,21,18,21,15,,,,,,,Jeremy Proch,Cade Cote,,,Christopher Marcusen,Tyler Caswell,,
Bracket Stage,Contender 4.5+,Bracket A,Round of 32,Best of 3,"Bobwards best employees ",Double Fault,Double Fault,15,21,17,21,,,,,,,Jacob Wunschel,Cole Matas,,,Luke Cook,Nathan Avalos,,
Bracket Stage,Contender 4.5+,Bracket A,Round of 16,Best of 3,Tolpin Bro‚Äôs,Double Fault,Double Fault,21,16,19,21,20,22,,,,,Drew Tolpin,Luke Tolpin,,,Luke Cook,Nathan Avalos,,
Bracket Stage,Contender 4.5+,Bracket A,Round of 16,Best of 3,Slumpy & Dumpy,At Least We Showed Up,Slumpy & Dumpy,21,15,21,14,,,,,,,Jason Xu,pavan narahari,,,Jeremy Proch,Cade Cote,,
Bracket Stage,Contender 4.5+,Bracket A,Round of 16,Best of 3,Good Day,Nemec/Wallace,Good Day,21,14,21,18,,,,,,,Brian Hansen,William Fluckiger,,,Jack Wallace,Luke Nemec,,
Bracket Stage,Contender 4.5+,Bracket A,Round of 16,Best of 3,Hit List,Ball Busters,Hit List,21,16,21,19,,,,,,,Jaren Haggard,Casey Harman,,,Billy Durrill,Thompson Yang,,
Bracket Stage,Contender 4.5+,Bracket A,Round of 16,Best of 3,Tab? Tash? Tab? Tash? Tab? Tash? Tab? Ta,Baja Blast,Baja Blast,17,21,21,12,16,21,,,,,Tab Dayani,Tahseen Robbani,,,Ryan Brown,Aidan Mackey,,
Bracket Stage,Contender 4.5+,Bracket A,Round of 16,Best of 3,CARL Short Kings,California Girls,CARL Short Kings,21,15,21,14,,,,,,,Yusei Fujikura,William Foote,,,Nathan Gauthier,Blake Kasama,,
Bracket Stage,Contender 4.5+,Bracket A,Round of 16,Best of 3,Fellers with (and without) Beards,English Setters,English Setters,17,21,19,21,,,,,,,Mo Beard,Daniel Feller,,,Dylan Mundy,Remi Prince,,
Bracket Stage,Contender 4.5+,Bracket A,Round of 16,Best of 3,Preachers,Bop it,Preachers,16,21,21,19,21,18,,,,,Bowen Maynard,Garrett Walter,,,Jackson Biggs,Matt Garbecki,,
Bracket Stage,Contender 4.5+,Bracket A,P17: Round of 16,Single game,"Bobwards best employees ",PSR Short Kings,"Bobwards best employees ",21,11,,,,,,,,,Jacob Wunschel,Cole Matas,,,Nathan Tvedt,Jake Pearsons,,
Bracket Stage,Contender 4.5+,Bracket A,P17: Round of 16,Single game,Out of pocket,Main Main Introverts,Out of pocket,21,4,,,,,,,,,Christopher Marcusen,Tyler Caswell,,,Keaton Hawk,Daulton Monkress,,
Bracket Stage,Contender 4.5+,Bracket A,P17: Round of 16,Single game,Straight Rippin',Bing Chilling,Bing Chilling,19,21,,,,,,,,,Ryan Kunkler,Gab√© Memmott,,,Jason Gurney,Elvin Pok,,
Bracket Stage,Contender 4.5+,Bracket A,P17: Round of 16,Single game,Set me up,Alcoballics Anonymous,Set me up,21,19,,,,,,,,,Logan Grigg,Kavan Dharia,,,Keyan McLaughlin,Stephen Butler,,
Bracket Stage,Contender 4.5+,Bracket A,P17: Round of 16,Single game,The Beach Boyz,Super Spikers,The Beach Boyz,0,-1,,,,,,,,,Malachi Ryan,Kevin Reddell,,,Joshua Balmforth,Ryley Duke,,
Bracket Stage,Contender 4.5+,Bracket A,P17: Round of 16,Single game,Help!,PB United,Help!,21,1,,,,,,,,,Bryce Jacobsen,Arthur Troncoso,,,Taylor Harman,Jared Wasden,,
Bracket Stage,Contender 4.5+,Bracket A,P17: Round of 16,Single game,Got a Partner,GETZAPPED,Got a Partner,21,19,,,,,,,,,Aman Khemka,Trevor Folden,,,Lazarus Shettell,Gavin Caraway,,
Bracket Stage,Contender 4.5+,Bracket A,P17: Round of 16,Single game,Juice,The Mojitos,The Mojitos,18,21,,,,,,,,,Nick Bradley,Dalee Young,,,Josiah Murphy,Aimee Bray,,
Bracket Stage,Contender 4.5+,Bracket A,Quarter-final,Best of 3,Double Fault,Preachers,Preachers,16,21,14,21,,,,,,,Luke Cook,Nathan Avalos,,,Bowen Maynard,Garrett Walter,,
Bracket Stage,Contender 4.5+,Bracket A,Quarter-final,Best of 3,Slumpy & Dumpy,English Setters,Slumpy & Dumpy,21,19,15,21,22,20,,,,,Jason Xu,pavan narahari,,,Dylan Mundy,Remi Prince,,
Bracket Stage,Contender 4.5+,Bracket A,Quarter-final,Best of 3,Good Day,CARL Short Kings,CARL Short Kings,15,21,18,21,,,,,,,Brian Hansen,William Fluckiger,,,Yusei Fujikura,William Foote,,
Bracket Stage,Contender 4.5+,Bracket A,Quarter-final,Best of 3,Hit List,Baja Blast,Hit List,21,19,24,22,,,,,,,Jaren Haggard,Casey Harman,,,Ryan Brown,Aidan Mackey,,
Bracket Stage,Contender 4.5+,Bracket A,P9: Quarter-final,Single game,Bop it,Tolpin Bro‚Äôs,Bop it,0,-1,,,,,,,,,Jackson Biggs,Matt Garbecki,,,Drew Tolpin,Luke Tolpin,,
Bracket Stage,Contender 4.5+,Bracket A,P9: Quarter-final,Single game,Fellers with (and without) Beards,At Least We Showed Up,At Least We Showed Up,0,2,,,,,,,,,Mo Beard,Daniel Feller,,,Jeremy Proch,Cade Cote,,
Bracket Stage,Contender 4.5+,Bracket A,P9: Quarter-final,Single game,California Girls,Nemec/Wallace,Nemec/Wallace,-1,0,,,,,,,,,Nathan Gauthier,Blake Kasama,,,Jack Wallace,Luke Nemec,,
Bracket Stage,Contender 4.5+,Bracket A,P9: Quarter-final,Single game,Tab? Tash? Tab? Tash? Tab? Tash? Tab? Ta,Ball Busters,Tab? Tash? Tab? Tash? Tab? Tash? Tab? Ta,21,15,,,,,,,,,Tab Dayani,Tahseen Robbani,,,Billy Durrill,Thompson Yang,,
Bracket Stage,Contender 4.5+,Bracket A,P17: Quarter-final,Single game,"Bobwards best employees ",The Mojitos,"Bobwards best employees ",21,14,,,,,,,,,Jacob Wunschel,Cole Matas,,,Josiah Murphy,Aimee Bray,,
Bracket Stage,Contender 4.5+,Bracket A,P17: Quarter-final,Single game,Out of pocket,Got a Partner,Out of pocket,21,15,,,,,,,,,Christopher Marcusen,Tyler Caswell,,,Aman Khemka,Trevor Folden,,
Bracket Stage,Contender 4.5+,Bracket A,P17: Quarter-final,Single game,Bing Chilling,Help!,Help!,17,21,,,,,,,,,Jason Gurney,Elvin Pok,,,Bryce Jacobsen,Arthur Troncoso,,
Bracket Stage,Contender 4.5+,Bracket A,P17: Quarter-final,Single game,Set me up,The Beach Boyz,The Beach Boyz,23,25,,,,,,,,,Logan Grigg,Kavan Dharia,,,Malachi Ryan,Kevin Reddell,,
Bracket Stage,Contender 4.5+,Bracket A,P25: Quarter-final,Single game,Juice,PSR Short Kings,PSR Short Kings,-1,0,,,,,,,,,Nick Bradley,Dalee Young,,,Nathan Tvedt,Jake Pearsons,,
Bracket Stage,Contender 4.5+,Bracket A,P25: Quarter-final,Single game,Super Spikers,Alcoballics Anonymous,Alcoballics Anonymous,-1,0,,,,,,,,,Joshua Balmforth,Ryley Duke,,,Keyan McLaughlin,Stephen Butler,,
Bracket Stage,Contender 4.5+,Bracket A,Semi-final,Best of 3,Preachers,Hit List,Preachers,21,14,21,14,,,,,,,Bowen Maynard,Garrett Walter,,,Jaren Haggard,Casey Harman,,
Bracket Stage,Contender 4.5+,Bracket A,Semi-final,Best of 3,Slumpy & Dumpy,CARL Short Kings,CARL Short Kings,14,21,21,23,,,,,,,Jason Xu,pavan narahari,,,Yusei Fujikura,William Foote,,
Bracket Stage,Contender 4.5+,Bracket A,P5: Semi-final,Best of 3,Baja Blast,Double Fault,Double Fault,21,16,15,21,16,21,,,,,Ryan Brown,Aidan Mackey,,,Luke Cook,Nathan Avalos,,
Bracket Stage,Contender 4.5+,Bracket A,P5: Semi-final,Best of 3,Good Day,English Setters,English Setters,18,21,15,21,,,,,,,Brian Hansen,William Fluckiger,,,Dylan Mundy,Remi Prince,,
Bracket Stage,Contender 4.5+,Bracket A,P9: Semi-final,Single game,Bop it,Tab? Tash? Tab? Tash? Tab? Tash? Tab? Ta,Tab? Tash? Tab? Tash? Tab? Tash? Tab? Ta,-1,0,,,,,,,,,Jackson Biggs,Matt Garbecki,,,Tab Dayani,Tahseen Robbani,,
Bracket Stage,Contender 4.5+,Bracket A,P9: Semi-final,Single game,At Least We Showed Up,Nemec/Wallace,At Least We Showed Up,21,14,,,,,,,,,Jeremy Proch,Cade Cote,,,Jack Wallace,Luke Nemec,,
Bracket Stage,Contender 4.5+,Bracket A,P17: Semi-final,Single game,"Bobwards best employees ",The Beach Boyz,The Beach Boyz,12,21,,,,,,,,,Jacob Wunschel,Cole Matas,,,Malachi Ryan,Kevin Reddell,,
Bracket Stage,Contender 4.5+,Bracket A,P17: Semi-final,Single game,Out of pocket,Help!,Help!,16,21,,,,,,,,,Christopher Marcusen,Tyler Caswell,,,Bryce Jacobsen,Arthur Troncoso,,
Bracket Stage,Contender 4.5+,Bracket A,P25: Semi-final,Single game,PSR Short Kings,Alcoballics Anonymous,PSR Short Kings,0,-1,,,,,,,,,Nathan Tvedt,Jake Pearsons,,,Keyan McLaughlin,Stephen Butler,,
Bracket Stage,Contender 4.5+,Bracket A,Final,Best of 3,Preachers,CARL Short Kings,Preachers,21,9,21,16,,,,,,,Bowen Maynard,Garrett Walter,,,Yusei Fujikura,William Foote,,
Bracket Stage,Contender 4.5+,Bracket A,P3: Final,Best of 3,Slumpy & Dumpy,Hit List,Hit List,19,21,18,21,,,,,,,Jason Xu,pavan narahari,,,Jaren Haggard,Casey Harman,,
Bracket Stage,Contender 4.5+,Bracket A,P5: Final,Best of 3,Double Fault,English Setters,English Setters,19,21,21,19,24,26,,,,,Luke Cook,Nathan Avalos,,,Dylan Mundy,Remi Prince,,
Bracket Stage,Contender 4.5+,Bracket A,P9: Final,Single game,Tab? Tash? Tab? Tash? Tab? Tash? Tab? Ta,At Least We Showed Up,Tab? Tash? Tab? Tash? Tab? Tash? Tab? Ta,21,16,,,,,,,,,Tab Dayani,Tahseen Robbani,,,Jeremy Proch,Cade Cote,,
Bracket Stage,Contender 4.5+,Bracket A,P11: Final,Single game,Nemec/Wallace,Bop it,Bop it,15,21,,,,,,,,,Jack Wallace,Luke Nemec,,,Jackson Biggs,Matt Garbecki,,
Bracket Stage,Contender 4.5+,Bracket A,P17: Final,Single game,The Beach Boyz,Help!,The Beach Boyz,1,0,,,,,,,,,Malachi Ryan,Kevin Reddell,,,Bryce Jacobsen,Arthur Troncoso,,
Bracket Stage,Contender 4.5+,Bracket A,P19: Final,Single game,Out of pocket,"Bobwards best employees ",Out of pocket,1,0,,,,,,,,,Christopher Marcusen,Tyler Caswell,,,Jacob Wunschel,Cole Matas,,
Bracket Stage,Contender 4.5+,Bracket B,Quarter-final,Best of 3,Kartchner/Fisher,Midlife Mayhem,Kartchner/Fisher,21,15,21,11,,,,,,,Nathan Fisher,Ryan Kartchner,,,Wade Eyerly,Ryan Bessey,,
Bracket Stage,Contender 4.5+,Bracket B,Quarter-final,Best of 3,Those guys,OReed,Those guys,21,17,21,16,,,,,,,Ryan Gladbach,Theo Bergman,,,Reed Farnsworth,DeWayne Ovard,,
Bracket Stage,Contender 4.5+,Bracket B,Semi-final,Best of 3,Hunt/Hunt,Those guys,Hunt/Hunt,21,16,21,14,,,,,,,Toby Hunt,Braydon Hunt,,,Ryan Gladbach,Theo Bergman,,
Bracket Stage,Contender 4.5+,Bracket B,Semi-final,Best of 3,Tolpinators,Kartchner/Fisher,Tolpinators,21,10,21,15,,,,,,,Ethan Tolpin,Austin Tolpin,,,Nathan Fisher,Ryan Kartchner,,
Bracket Stage,Contender 4.5+,Bracket B,Final,Best of 3,Hunt/Hunt,Tolpinators,Tolpinators,16,21,14,21,,,,,,,Toby Hunt,Braydon Hunt,,,Ethan Tolpin,Austin Tolpin,,
Bracket Stage,Contender 4.5+,Bracket B,P5: Final,Best of 3,OReed,Midlife Mayhem,Midlife Mayhem,-1,0,-1,0,,,,,,,Reed Farnsworth,DeWayne Ovard,,,Wade Eyerly,Ryan Bessey,,
Group Stage,Mixed Advanced 5.0+ (Sunday),Group A,1,Single game,Perky sevor,Electric Mojitos,Perky sevor,21,5,,,,,,,,,Trevor Barbosa,Sebastiani Kim,Perrin York,Kyle Fowler,Josiah Murphy,Jack Wallace,Jessica Borgers,Aimee Bray
Group Stage,Mixed Advanced 5.0+ (Sunday),Group A,1,Single game,aroused & afraid ü´¶,Dreamers,aroused & afraid ü´¶,21,18,,,,,,,,,Sarah Allen,Caleb Cummings,Andrew Kosche,Kayla Wu,Lourna Szabanos,Josh Hutko,Matt Spolarich,Kailey Windsor
Group Stage,Mixed Advanced 5.0+ (Sunday),Group B,1,Single game,Chalk,Horse Forkers,Chalk,21,8,,,,,,,,,Katie Pierson,Katheleen Phan,Kieran Rose,Anthony Clifford,Alec Galbo,Alex Veron,Abby Cham,Wesley Tunelius
Group Stage,Mixed Advanced 5.0+ (Sunday),Group B,1,Single game,WOWOWOW,Ultimo Minuto! ü§ôüèΩ,WOWOWOW,21,13,,,,,,,,,Thomas Hoffman,Josef Quispe,Joelle Nguyen,Jhanaj Quispe,Kayla Ngai,Noah Johnson,Felipe Larroza,Becca Feller
Group Stage,Mixed Advanced 5.0+ (Sunday),Group C,1,Single game,CLJK,TVR Ad,CLJK,21,11,,,,,,,,,Josh Fragiacomo,Karah Hui,Elle Lowe,Connor Nelson,Kaleb Wagner,Shaina Berk,James Lamkin,Nicol Gahley
Group Stage,Mixed Advanced 5.0+ (Sunday),Group C,1,Single game,Hoosky,Rocky Mountain High,Hoosky,21,17,,,,,,,,,Malia Wanderer,Abigale Lamontagne,Sunny Gu,Lucas Pruett,Trey Thompson,Adam Porter,Camille Anderson,Kirstie Savage
Group Stage,Mixed Advanced 5.0+ (Sunday),Group A,2,Single game,Perky sevor,Dreamers,Perky sevor,21,19,,,,,,,,,Trevor Barbosa,Sebastiani Kim,Perrin York,Kyle Fowler,Lourna Szabanos,Josh Hutko,Matt Spolarich,Kailey Windsor
Group Stage,Mixed Advanced 5.0+ (Sunday),Group A,2,Single game,aroused & afraid ü´¶,Electric Mojitos,aroused & afraid ü´¶,21,16,,,,,,,,,Sarah Allen,Caleb Cummings,Andrew Kosche,Kayla Wu,Josiah Murphy,Jack Wallace,Jessica Borgers,Aimee Bray
Group Stage,Mixed Advanced 5.0+ (Sunday),Group B,2,Single game,Chalk,Ultimo Minuto! ü§ôüèΩ,Chalk,21,8,,,,,,,,,Katie Pierson,Katheleen Phan,Kieran Rose,Anthony Clifford,Kayla Ngai,Noah Johnson,Felipe Larroza,Becca Feller
Group Stage,Mixed Advanced 5.0+ (Sunday),Group B,2,Single game,WOWOWOW,Horse Forkers,WOWOWOW,21,8,,,,,,,,,Thomas Hoffman,Josef Quispe,Joelle Nguyen,Jhanaj Quispe,Alec Galbo,Alex Veron,Abby Cham,Wesley Tunelius
Group Stage,Mixed Advanced 5.0+ (Sunday),Group C,2,Single game,CLJK,Rocky Mountain High,CLJK,21,17,,,,,,,,,Josh Fragiacomo,Karah Hui,Elle Lowe,Connor Nelson,Trey Thompson,Adam Porter,Camille Anderson,Kirstie Savage
Group Stage,Mixed Advanced 5.0+ (Sunday),Group C,2,Single game,Hoosky,TVR Ad,Hoosky,21,13,,,,,,,,,Malia Wanderer,Abigale Lamontagne,Sunny Gu,Lucas Pruett,Kaleb Wagner,Shaina Berk,James Lamkin,Nicol Gahley
Group Stage,Mixed Advanced 5.0+ (Sunday),Group A,3,Single game,Perky sevor,aroused & afraid ü´¶,Perky sevor,21,18,,,,,,,,,Trevor Barbosa,Sebastiani Kim,Perrin York,Kyle Fowler,Sarah Allen,Caleb Cummings,Andrew Kosche,Kayla Wu
Group Stage,Mixed Advanced 5.0+ (Sunday),Group A,3,Single game,Dreamers,Electric Mojitos,Dreamers,21,7,,,,,,,,,Lourna Szabanos,Josh Hutko,Matt Spolarich,Kailey Windsor,Josiah Murphy,Jack Wallace,Jessica Borgers,Aimee Bray
Group Stage,Mixed Advanced 5.0+ (Sunday),Group B,3,Single game,Chalk,WOWOWOW,Chalk,21,16,,,,,,,,,Katie Pierson,Katheleen Phan,Kieran Rose,Anthony Clifford,Thomas Hoffman,Josef Quispe,Joelle Nguyen,Jhanaj Quispe
Group Stage,Mixed Advanced 5.0+ (Sunday),Group B,3,Single game,Ultimo Minuto! ü§ôüèΩ,Horse Forkers,Horse Forkers,15,21,,,,,,,,,Kayla Ngai,Noah Johnson,Felipe Larroza,Becca Feller,Alec Galbo,Alex Veron,Abby Cham,Wesley Tunelius
Group Stage,Mixed Advanced 5.0+ (Sunday),Group C,3,Single game,CLJK,Hoosky,CLJK,21,16,,,,,,,,,Josh Fragiacomo,Karah Hui,Elle Lowe,Connor Nelson,Malia Wanderer,Abigale Lamontagne,Sunny Gu,Lucas Pruett
Group Stage,Mixed Advanced 5.0+ (Sunday),Group C,3,Single game,Rocky Mountain High,TVR Ad,Rocky Mountain High,21,8,,,,,,,,,Trey Thompson,Adam Porter,Camille Anderson,Kirstie Savage,Kaleb Wagner,Shaina Berk,James Lamkin,Nicol Gahley
Group Stage,Mixed Advanced 5.0+ (Sunday),Group A,4,Single game,Perky sevor,Electric Mojitos,Perky sevor,21,16,,,,,,,,,Trevor Barbosa,Sebastiani Kim,Perrin York,Kyle Fowler,Josiah Murphy,Jack Wallace,Jessica Borgers,Aimee Bray
Group Stage,Mixed Advanced 5.0+ (Sunday),Group A,4,Single game,aroused & afraid ü´¶,Dreamers,aroused & afraid ü´¶,21,16,,,,,,,,,Sarah Allen,Caleb Cummings,Andrew Kosche,Kayla Wu,Lourna Szabanos,Josh Hutko,Matt Spolarich,Kailey Windsor
Group Stage,Mixed Advanced 5.0+ (Sunday),Group B,4,Single game,Chalk,Horse Forkers,Chalk,21,10,,,,,,,,,Katie Pierson,Katheleen Phan,Kieran Rose,Anthony Clifford,Alec Galbo,Alex Veron,Abby Cham,Wesley Tunelius
Group Stage,Mixed Advanced 5.0+ (Sunday),Group B,4,Single game,WOWOWOW,Ultimo Minuto! ü§ôüèΩ,WOWOWOW,21,10,,,,,,,,,Thomas Hoffman,Josef Quispe,Joelle Nguyen,Jhanaj Quispe,Kayla Ngai,Noah Johnson,Felipe Larroza,Becca Feller
Group Stage,Mixed Advanced 5.0+ (Sunday),Group C,4,Single game,CLJK,TVR Ad,CLJK,21,18,,,,,,,,,Josh Fragiacomo,Karah Hui,Elle Lowe,Connor Nelson,Kaleb Wagner,Shaina Berk,James Lamkin,Nicol Gahley
Group Stage,Mixed Advanced 5.0+ (Sunday),Group C,4,Single game,Hoosky,Rocky Mountain High,Rocky Mountain High,16,21,,,,,,,,,Malia Wanderer,Abigale Lamontagne,Sunny Gu,Lucas Pruett,Trey Thompson,Adam Porter,Camille Anderson,Kirstie Savage
Group Stage,Mixed Advanced 5.0+ (Sunday),Group A,5,Single game,Perky sevor,Dreamers,Perky sevor,21,13,,,,,,,,,Trevor Barbosa,Sebastiani Kim,Perrin York,Kyle Fowler,Lourna Szabanos,Josh Hutko,Matt Spolarich,Kailey Windsor
Group Stage,Mixed Advanced 5.0+ (Sunday),Group A,5,Single game,aroused & afraid ü´¶,Electric Mojitos,aroused & afraid ü´¶,21,11,,,,,,,,,Sarah Allen,Caleb Cummings,Andrew Kosche,Kayla Wu,Josiah Murphy,Jack Wallace,Jessica Borgers,Aimee Bray
Group Stage,Mixed Advanced 5.0+ (Sunday),Group B,5,Single game,Chalk,Ultimo Minuto! ü§ôüèΩ,Chalk,21,13,,,,,,,,,Katie Pierson,Katheleen Phan,Kieran Rose,Anthony Clifford,Kayla Ngai,Noah Johnson,Felipe Larroza,Becca Feller
Group Stage,Mixed Advanced 5.0+ (Sunday),Group B,5,Single game,WOWOWOW,Horse Forkers,WOWOWOW,21,6,,,,,,,,,Thomas Hoffman,Josef Quispe,Joelle Nguyen,Jhanaj Quispe,Alec Galbo,Alex Veron,Abby Cham,Wesley Tunelius
Group Stage,Mixed Advanced 5.0+ (Sunday),Group C,5,Single game,CLJK,Rocky Mountain High,Rocky Mountain High,19,21,,,,,,,,,Josh Fragiacomo,Karah Hui,Elle Lowe,Connor Nelson,Trey Thompson,Adam Porter,Camille Anderson,Kirstie Savage
Group Stage,Mixed Advanced 5.0+ (Sunday),Group C,5,Single game,Hoosky,TVR Ad,Hoosky,21,14,,,,,,,,,Malia Wanderer,Abigale Lamontagne,Sunny Gu,Lucas Pruett,Kaleb Wagner,Shaina Berk,James Lamkin,Nicol Gahley
Group Stage,Mixed Advanced 5.0+ (Sunday),Group A,6,Single game,Perky sevor,aroused & afraid ü´¶,aroused & afraid ü´¶,19,21,,,,,,,,,Trevor Barbosa,Sebastiani Kim,Perrin York,Kyle Fowler,Sarah Allen,Caleb Cummings,Andrew Kosche,Kayla Wu
Group Stage,Mixed Advanced 5.0+ (Sunday),Group A,6,Single game,Dreamers,Electric Mojitos,Dreamers,21,13,,,,,,,,,Lourna Szabanos,Josh Hutko,Matt Spolarich,Kailey Windsor,Josiah Murphy,Jack Wallace,Jessica Borgers,Aimee Bray
Group Stage,Mixed Advanced 5.0+ (Sunday),Group B,6,Single game,Chalk,WOWOWOW,WOWOWOW,19,21,,,,,,,,,Katie Pierson,Katheleen Phan,Kieran Rose,Anthony Clifford,Thomas Hoffman,Josef Quispe,Joelle Nguyen,Jhanaj Quispe
Group Stage,Mixed Advanced 5.0+ (Sunday),Group B,6,Single game,Ultimo Minuto! ü§ôüèΩ,Horse Forkers,Ultimo Minuto! ü§ôüèΩ,25,24,,,,,,,,,Kayla Ngai,Noah Johnson,Felipe Larroza,Becca Feller,Alec Galbo,Alex Veron,Abby Cham,Wesley Tunelius
Group Stage,Mixed Advanced 5.0+ (Sunday),Group C,6,Single game,CLJK,Hoosky,CLJK,21,19,,,,,,,,,Josh Fragiacomo,Karah Hui,Elle Lowe,Connor Nelson,Malia Wanderer,Abigale Lamontagne,Sunny Gu,Lucas Pruett
Group Stage,Mixed Advanced 5.0+ (Sunday),Group C,6,Single game,Rocky Mountain High,TVR Ad,Rocky Mountain High,21,14,,,,,,,,,Trey Thompson,Adam Porter,Camille Anderson,Kirstie Savage,Kaleb Wagner,Shaina Berk,James Lamkin,Nicol Gahley
Bracket Stage,Mixed Advanced 5.0+ (Sunday),Bracket A,Round of 16,Best of 5,aroused & afraid ü´¶,Electric Mojitos,aroused & afraid ü´¶,21,6,21,13,21,10,26,24,,,Sarah Allen,Caleb Cummings,Andrew Kosche,Kayla Wu,Josiah Murphy,Jack Wallace,Jessica Borgers,Aimee Bray
Bracket Stage,Mixed Advanced 5.0+ (Sunday),Bracket A,Round of 16,Best of 5,Rocky Mountain High,TVR Ad,Rocky Mountain High,21,13,21,11,21,13,22,20,,,Trey Thompson,Adam Porter,Camille Anderson,Kirstie Savage,Kaleb Wagner,Shaina Berk,James Lamkin,Nicol Gahley
Bracket Stage,Mixed Advanced 5.0+ (Sunday),Bracket A,Round of 16,Best of 5,Hoosky,Ultimo Minuto! ü§ôüèΩ,Hoosky,21,7,17,21,21,13,21,11,,,Malia Wanderer,Abigale Lamontagne,Sunny Gu,Lucas Pruett,Kayla Ngai,Noah Johnson,Felipe Larroza,Becca Feller
Bracket Stage,Mixed Advanced 5.0+ (Sunday),Bracket A,Round of 16,Best of 5,Dreamers,Horse Forkers,Dreamers,21,18,21,15,21,10,21,18,,,Lourna Szabanos,Josh Hutko,Matt Spolarich,Kailey Windsor,Alec Galbo,Alex Veron,Abby Cham,Wesley Tunelius
Bracket Stage,Mixed Advanced 5.0+ (Sunday),Bracket A,Quarter-final,Best of 5,Chalk,Dreamers,Chalk,21,16,21,13,21,14,21,18,,,Katie Pierson,Katheleen Phan,Kieran Rose,Anthony Clifford,Lourna Szabanos,Josh Hutko,Matt Spolarich,Kailey Windsor
Bracket Stage,Mixed Advanced 5.0+ (Sunday),Bracket A,Quarter-final,Best of 5,WOWOWOW,Hoosky,Hoosky,21,16,23,25,16,21,21,12,36,38,Thomas Hoffman,Josef Quispe,Joelle Nguyen,Jhanaj Quispe,Malia Wanderer,Abigale Lamontagne,Sunny Gu,Lucas Pruett
Bracket Stage,Mixed Advanced 5.0+ (Sunday),Bracket A,Quarter-final,Best of 5,Perky sevor,Rocky Mountain High,Perky sevor,21,13,21,17,19,21,21,19,,,Trevor Barbosa,Sebastiani Kim,Perrin York,Kyle Fowler,Trey Thompson,Adam Porter,Camille Anderson,Kirstie Savage
Bracket Stage,Mixed Advanced 5.0+ (Sunday),Bracket A,Quarter-final,Best of 5,CLJK,aroused & afraid ü´¶,CLJK,21,11,21,12,21,11,21,18,,,Josh Fragiacomo,Karah Hui,Elle Lowe,Connor Nelson,Sarah Allen,Caleb Cummings,Andrew Kosche,Kayla Wu
Bracket Stage,Mixed Advanced 5.0+ (Sunday),Bracket A,Semi-final,Best of 5,Chalk,CLJK,CLJK,21,16,21,23,14,21,19,21,,,Katie Pierson,Katheleen Phan,Kieran Rose,Anthony Clifford,Josh Fragiacomo,Karah Hui,Elle Lowe,Connor Nelson
Bracket Stage,Mixed Advanced 5.0+ (Sunday),Bracket A,Semi-final,Best of 5,Hoosky,Perky sevor,Perky sevor,12,21,18,21,21,19,20,22,,,Malia Wanderer,Abigale Lamontagne,Sunny Gu,Lucas Pruett,Trevor Barbosa,Sebastiani Kim,Perrin York,Kyle Fowler
Bracket Stage,Mixed Advanced 5.0+ (Sunday),Bracket A,P5: Semi-final,Best of 5,aroused & afraid ü´¶,Dreamers,aroused & afraid ü´¶,1,0,1,0,1,0,1,0,,,Sarah Allen,Caleb Cummings,Andrew Kosche,Kayla Wu,Lourna Szabanos,Josh Hutko,Matt Spolarich,Kailey Windsor
Bracket Stage,Mixed Advanced 5.0+ (Sunday),Bracket A,P5: Semi-final,Best of 5,Rocky Mountain High,WOWOWOW,WOWOWOW,0,1,0,1,0,1,0,1,,,Trey Thompson,Adam Porter,Camille Anderson,Kirstie Savage,Thomas Hoffman,Josef Quispe,Joelle Nguyen,Jhanaj Quispe
Bracket Stage,Mixed Advanced 5.0+ (Sunday),Bracket A,P9: Semi-final,Best of 5,Horse Forkers,Electric Mojitos,Horse Forkers,1,0,0,-1,0,-1,,,,,Alec Galbo,Alex Veron,Abby Cham,Wesley Tunelius,Josiah Murphy,Jack Wallace,Jessica Borgers,Aimee Bray
Bracket Stage,Mixed Advanced 5.0+ (Sunday),Bracket A,P9: Semi-final,Best of 5,Ultimo Minuto! ü§ôüèΩ,TVR Ad,TVR Ad,19,21,17,21,17,21,17,21,,,Kayla Ngai,Noah Johnson,Felipe Larroza,Becca Feller,Kaleb Wagner,Shaina Berk,James Lamkin,Nicol Gahley
Bracket Stage,Mixed Advanced 5.0+ (Sunday),Bracket A,Final,Best of 5,CLJK,Perky sevor,CLJK,21,16,21,15,21,16,25,23,,,Josh Fragiacomo,Karah Hui,Elle Lowe,Connor Nelson,Trevor Barbosa,Sebastiani Kim,Perrin York,Kyle Fowler
Bracket Stage,Mixed Advanced 5.0+ (Sunday),Bracket A,P3: Final,Best of 5,Hoosky,Chalk,Chalk,12,21,19,21,16,21,21,15,,,Malia Wanderer,Abigale Lamontagne,Sunny Gu,Lucas Pruett,Katie Pierson,Katheleen Phan,Kieran Rose,Anthony Clifford
Bracket Stage,Mixed Advanced 5.0+ (Sunday),Bracket A,P9: Final,Best of 5,Horse Forkers,TVR Ad,TVR Ad,17,21,16,21,21,16,17,21,,,Alec Galbo,Alex Veron,Abby Cham,Wesley Tunelius,Kaleb Wagner,Shaina Berk,James Lamkin,Nicol Gahley